Sales_Person,Country,Product,Date,Amount,Boxes_Shipped,Year,Month,Day,Day_Name,Day_of_Week,Week,Quarter,Weekend,Revenue_per_Box,Product_ID,Country_ID,Salesperson_ID,Lag_1,Lag_7,Rolling_7,Rolling_30
Gunar Cockshoot,Canada,50% Dark Bites,2022-01-04,3024,23,2022,1,4,Tuesday,1,1,1,0,131.47826086956522,0,1,10,0.0,0.0,0.0,0.0
Jan Morforth,UK,50% Dark Bites,2022-01-12,5250,293,2022,1,12,Wednesday,2,2,1,0,17.918088737201366,0,4,12,23.0,0.0,0.0,0.0
Van Tuxwell,USA,50% Dark Bites,2022-01-13,9737,160,2022,1,13,Thursday,3,2,1,0,60.85625,0,5,23,293.0,0.0,0.0,0.0
Gunar Cockshoot,UK,50% Dark Bites,2022-01-13,2107,121,2022,1,13,Thursday,3,2,1,0,17.41322314049587,0,4,10,160.0,0.0,0.0,0.0
Jehu Rudeforth,Australia,50% Dark Bites,2022-01-14,5194,418,2022,1,14,Friday,4,2,1,0,12.425837320574162,0,0,13,121.0,0.0,0.0,0.0
Karlen McCaffrey,Australia,50% Dark Bites,2022-01-17,6678,708,2022,1,17,Monday,0,3,1,0,9.432203389830509,0,0,15,418.0,0.0,0.0,0.0
Curtice Advani,New Zealand,50% Dark Bites,2022-01-27,9765,85,2022,1,27,Thursday,3,4,1,0,114.88235294117646,0,3,6,708.0,0.0,258.2857142857143,0.0
Barr Faughny,UK,50% Dark Bites,2022-01-28,581,65,2022,1,28,Friday,4,4,1,0,8.938461538461539,0,4,1,85.0,23.0,264.2857142857143,0.0
Andria Kimpton,India,50% Dark Bites,2022-01-31,13482,15,2022,1,31,Monday,0,5,1,0,898.8,0,2,0,65.0,293.0,224.57142857142858,0.0
Beverie Moffet,UK,50% Dark Bites,2022-02-09,2499,271,2022,2,9,Wednesday,2,6,1,0,9.22140221402214,0,4,2,15.0,160.0,240.42857142857142,0.0
Roddy Speechley,USA,50% Dark Bites,2022-02-11,10458,316,2022,2,11,Friday,4,6,1,0,33.09493670886076,0,5,22,271.0,121.0,268.2857142857143,0.0
Rafaelita Blaksland,UK,50% Dark Bites,2022-02-16,10150,68,2022,2,16,Wednesday,2,7,1,0,149.26470588235293,0,4,21,316.0,418.0,218.28571428571428,0.0
Mallorie Waber,UK,50% Dark Bites,2022-02-21,5502,99,2022,2,21,Monday,0,8,1,0,55.57575757575758,0,4,18,68.0,708.0,131.28571428571428,0.0
Kaine Padly,UK,50% Dark Bites,2022-02-21,3143,67,2022,2,21,Monday,0,8,1,0,46.91044776119403,0,4,14,99.0,85.0,128.71428571428572,0.0
Andria Kimpton,New Zealand,50% Dark Bites,2022-03-02,3374,202,2022,3,2,Wednesday,2,9,1,0,16.702970297029704,0,3,0,67.0,65.0,148.28571428571428,0.0
Gunar Cockshoot,Australia,50% Dark Bites,2022-03-02,12271,116,2022,3,2,Wednesday,2,9,1,0,105.78448275862068,0,0,10,202.0,15.0,162.71428571428572,0.0
Kaine Padly,Canada,50% Dark Bites,2022-03-04,8687,100,2022,3,4,Friday,4,9,1,0,86.87,0,1,14,116.0,271.0,138.28571428571428,0.0
Curtice Advani,UK,50% Dark Bites,2022-03-08,3374,142,2022,3,8,Tuesday,1,10,1,0,23.760563380281692,0,4,6,100.0,316.0,113.42857142857143,0.0
Roddy Speechley,India,50% Dark Bites,2022-03-14,8337,12,2022,3,14,Monday,0,11,1,0,694.75,0,2,22,142.0,68.0,105.42857142857143,0.0
Rafaelita Blaksland,Australia,50% Dark Bites,2022-03-22,3010,40,2022,3,22,Tuesday,1,12,1,0,75.25,0,0,21,12.0,99.0,97.0,0.0
Kelci Walkden,USA,50% Dark Bites,2022-03-23,6188,223,2022,3,23,Wednesday,2,12,1,0,27.748878923766817,0,5,16,40.0,67.0,119.28571428571429,0.0
Dennison Crosswaite,Australia,50% Dark Bites,2022-04-01,7287,12,2022,4,1,Friday,4,13,2,0,607.25,0,0,7,223.0,202.0,92.14285714285714,0.0
Karlen McCaffrey,UK,50% Dark Bites,2022-04-06,3647,310,2022,4,6,Wednesday,2,14,2,0,11.764516129032257,0,4,15,12.0,116.0,119.85714285714286,0.0
Gigi Bohling,USA,50% Dark Bites,2022-04-13,2296,59,2022,4,13,Wednesday,2,15,2,0,38.91525423728814,0,5,9,310.0,100.0,114.0,0.0
Barr Faughny,USA,50% Dark Bites,2022-04-14,13034,117,2022,4,14,Thursday,3,15,2,0,111.4017094017094,0,5,1,59.0,142.0,110.42857142857143,0.0
Ches Bonnell,India,50% Dark Bites,2022-04-15,11298,313,2022,4,15,Friday,4,15,2,0,36.09584664536741,0,2,5,117.0,12.0,153.42857142857142,0.0
Wilone O'Kielt,USA,50% Dark Bites,2022-04-18,4501,131,2022,4,18,Monday,0,16,2,0,34.3587786259542,0,5,24,313.0,40.0,166.42857142857142,0.0
Mallorie Waber,USA,50% Dark Bites,2022-04-19,1736,13,2022,4,19,Tuesday,1,16,2,0,133.53846153846155,0,5,18,131.0,223.0,136.42857142857142,0.0
Jehu Rudeforth,New Zealand,50% Dark Bites,2022-04-20,3990,59,2022,4,20,Wednesday,2,16,2,0,67.62711864406779,0,3,13,13.0,12.0,143.14285714285714,0.0
Oby Sorrel,Australia,50% Dark Bites,2022-05-06,721,151,2022,5,6,Friday,4,18,2,0,4.774834437086093,0,0,20,59.0,310.0,120.42857142857143,156.96666666666667
Roddy Speechley,New Zealand,50% Dark Bites,2022-05-09,4312,211,2022,5,9,Monday,0,19,2,0,20.436018957345972,0,3,22,151.0,59.0,142.14285714285714,163.23333333333332
Dotty Strutley,Australia,50% Dark Bites,2022-05-12,3108,252,2022,5,12,Thursday,3,19,2,0,12.333333333333334,0,0,8,211.0,117.0,161.42857142857142,161.86666666666667
Van Tuxwell,Canada,50% Dark Bites,2022-05-12,13685,58,2022,5,12,Thursday,3,19,2,0,235.94827586206895,0,1,23,252.0,313.0,125.0,158.46666666666667
Van Tuxwell,India,50% Dark Bites,2022-05-13,5103,129,2022,5,13,Friday,4,19,2,0,39.55813953488372,0,2,23,58.0,131.0,124.71428571428571,158.73333333333332
Beverie Moffet,Australia,50% Dark Bites,2022-05-16,700,457,2022,5,16,Monday,0,20,2,0,1.5317286652078774,0,0,2,129.0,13.0,188.14285714285714,160.03333333333333
Mallorie Waber,India,50% Dark Bites,2022-05-31,588,139,2022,5,31,Tuesday,1,22,2,0,4.23021582733813,0,2,18,457.0,59.0,199.57142857142858,141.06666666666666
Andria Kimpton,Australia,50% Dark Bites,2022-06-02,4438,227,2022,6,2,Thursday,3,22,2,0,19.550660792951543,0,0,0,139.0,151.0,210.42857142857142,145.8
Jan Morforth,Australia,50% Dark Bites,2022-06-14,3402,182,2022,6,14,Tuesday,1,24,2,0,18.692307692307693,0,0,12,227.0,211.0,206.28571428571428,149.7
Marney O'Breen,UK,50% Dark Bites,2022-06-14,2989,124,2022,6,14,Tuesday,1,24,2,0,24.10483870967742,0,4,19,182.0,252.0,188.0,153.33333333333334
Marney O'Breen,USA,50% Dark Bites,2022-06-15,1064,106,2022,6,15,Wednesday,2,24,2,0,10.037735849056604,0,5,19,124.0,58.0,194.85714285714286,147.83333333333334
Camilla Castle,USA,50% Dark Bites,2022-06-23,5908,301,2022,6,23,Thursday,3,25,2,0,19.627906976744185,0,5,4,106.0,129.0,219.42857142857142,147.33333333333334
Barr Faughny,New Zealand,50% Dark Bites,2022-06-23,4557,308,2022,6,23,Thursday,3,25,2,0,14.795454545454545,0,3,1,301.0,457.0,198.14285714285714,155.33333333333334
Oby Sorrel,Canada,50% Dark Bites,2022-06-24,6615,137,2022,6,24,Friday,4,25,2,0,48.284671532846716,0,1,20,308.0,139.0,197.85714285714286,156.6
Curtice Advani,Australia,50% Dark Bites,2022-06-29,504,232,2022,6,29,Wednesday,2,26,2,0,2.1724137931034484,0,0,6,137.0,227.0,198.57142857142858,162.1
Gigi Bohling,New Zealand,50% Dark Bites,2022-06-29,5670,64,2022,6,29,Wednesday,2,26,2,0,88.59375,0,3,9,232.0,182.0,181.71428571428572,157.5
Camilla Castle,India,50% Dark Bites,2022-07-04,9275,411,2022,7,4,Monday,0,27,3,0,22.5669099756691,0,2,4,64.0,124.0,222.71428571428572,167.33333333333334
Jehu Rudeforth,India,50% Dark Bites,2022-07-05,3472,135,2022,7,5,Tuesday,1,27,3,0,25.71851851851852,0,2,13,411.0,106.0,226.85714285714286,168.5
Van Tuxwell,New Zealand,50% Dark Bites,2022-07-11,3626,10,2022,7,11,Monday,0,28,3,0,362.6,0,3,23,135.0,301.0,185.28571428571428,164.1
Van Tuxwell,Australia,50% Dark Bites,2022-07-13,644,137,2022,7,13,Wednesday,2,28,3,0,4.700729927007299,0,0,23,10.0,308.0,160.85714285714286,168.26666666666668
Karlen McCaffrey,Canada,50% Dark Bites,2022-07-15,2919,65,2022,7,15,Friday,4,28,3,0,44.90769230769231,0,1,15,137.0,137.0,150.57142857142858,169.1
Gigi Bohling,UK,50% Dark Bites,2022-07-18,8197,69,2022,7,18,Monday,0,29,3,0,118.79710144927536,0,4,9,65.0,232.0,127.28571428571429,163.96666666666667
Barr Faughny,Canada,50% Dark Bites,2022-07-19,10185,303,2022,7,19,Tuesday,1,29,3,0,33.613861386138616,0,1,1,69.0,64.0,161.42857142857142,173.66666666666666
Madelene Upcott,Australia,50% Dark Bites,2022-07-25,7350,6,2022,7,25,Monday,0,30,3,0,1225.0,0,0,17,303.0,411.0,103.57142857142857,163.53333333333333
Beverie Moffet,USA,50% Dark Bites,2022-07-28,2450,352,2022,7,28,Thursday,3,30,3,0,6.9602272727272725,0,5,2,6.0,135.0,134.57142857142858,173.3
Kaine Padly,Australia,50% Dark Bites,2022-08-02,8995,78,2022,8,2,Tuesday,1,31,3,0,115.32051282051282,0,0,14,352.0,10.0,144.28571428571428,172.0
Kaine Padly,USA,50% Dark Bites,2022-08-03,70,27,2022,8,3,Wednesday,2,31,3,0,2.5925925925925926,0,5,14,78.0,137.0,128.57142857142858,162.46666666666667
Wilone O'Kielt,Australia,50% Dark Bites,2022-08-03,10031,114,2022,8,3,Wednesday,2,31,3,0,87.99122807017544,0,0,24,27.0,65.0,135.57142857142858,161.9
Gunar Cockshoot,India,50% Dark Bites,2022-08-09,12992,83,2022,8,9,Tuesday,1,32,3,0,156.53012048192772,0,2,10,114.0,69.0,137.57142857142858,164.23333333333332
Husein Augar,Australia,50% Dark Bites,2022-08-19,14889,52,2022,8,19,Friday,4,33,3,0,286.3269230769231,0,0,11,83.0,303.0,101.71428571428571,164.0
Andria Kimpton,UK,50% Dark Bites,2022-08-24,2653,314,2022,8,24,Wednesday,2,34,3,0,8.449044585987261,0,4,0,52.0,6.0,145.71428571428572,169.43333333333334
Van Tuxwell,Australia,70% Dark Bites,2022-01-10,7063,104,2022,1,10,Monday,0,2,1,0,67.91346153846153,1,0,23,0.0,0.0,0.0,0.0
Ches Bonnell,Australia,70% Dark Bites,2022-01-12,3136,125,2022,1,12,Wednesday,2,2,1,0,25.088,1,0,5,104.0,0.0,0.0,0.0
Gigi Bohling,USA,70% Dark Bites,2022-01-14,7364,196,2022,1,14,Friday,4,2,1,0,37.57142857142857,1,5,9,125.0,0.0,0.0,0.0
Madelene Upcott,Canada,70% Dark Bites,2022-01-24,10927,141,2022,1,24,Monday,0,4,1,0,77.49645390070921,1,1,17,196.0,0.0,0.0,0.0
Kaine Padly,India,70% Dark Bites,2022-01-24,12173,301,2022,1,24,Monday,0,4,1,0,40.44186046511628,1,2,14,141.0,0.0,0.0,0.0
Curtice Advani,Canada,70% Dark Bites,2022-01-31,2303,7,2022,1,31,Monday,0,5,1,0,329.0,1,1,6,301.0,0.0,0.0,0.0
Husein Augar,Canada,70% Dark Bites,2022-01-31,5131,285,2022,1,31,Monday,0,5,1,0,18.003508771929823,1,1,11,7.0,0.0,165.57142857142858,0.0
Dennison Crosswaite,Australia,70% Dark Bites,2022-02-07,5859,108,2022,2,7,Monday,0,6,1,0,54.25,1,0,7,285.0,104.0,166.14285714285714,0.0
Kaine Padly,Australia,70% Dark Bites,2022-02-08,6706,223,2022,2,8,Tuesday,1,6,1,0,30.071748878923767,1,0,14,108.0,125.0,180.14285714285714,0.0
Jan Morforth,Canada,70% Dark Bites,2022-02-14,5894,305,2022,2,14,Monday,0,7,1,0,19.324590163934428,1,1,12,223.0,196.0,195.71428571428572,0.0
Marney O'Breen,New Zealand,70% Dark Bites,2022-02-14,8603,352,2022,2,14,Monday,0,7,1,0,24.44034090909091,1,3,19,305.0,141.0,225.85714285714286,0.0
Madelene Upcott,UK,70% Dark Bites,2022-02-16,5397,239,2022,2,16,Wednesday,2,7,1,0,22.581589958158997,1,4,17,352.0,301.0,217.0,0.0
Madelene Upcott,New Zealand,70% Dark Bites,2022-02-22,13356,93,2022,2,22,Tuesday,1,8,1,0,143.61290322580646,1,3,17,239.0,7.0,229.28571428571428,0.0
Jan Morforth,Australia,70% Dark Bites,2022-03-04,5222,384,2022,3,4,Friday,4,9,1,0,13.598958333333334,1,0,12,93.0,285.0,243.42857142857142,0.0
Dennison Crosswaite,USA,70% Dark Bites,2022-03-15,658,77,2022,3,15,Tuesday,1,11,1,0,8.545454545454545,1,5,7,384.0,108.0,239.0,0.0
Oby Sorrel,UK,70% Dark Bites,2022-03-16,6223,181,2022,3,16,Wednesday,2,11,1,0,34.38121546961326,1,4,20,77.0,223.0,233.0,0.0
Roddy Speechley,UK,70% Dark Bites,2022-03-24,1421,284,2022,3,24,Thursday,3,12,1,0,5.003521126760563,1,4,22,181.0,305.0,230.0,0.0
Kaine Padly,New Zealand,70% Dark Bites,2022-03-24,7231,38,2022,3,24,Thursday,3,12,1,0,190.28947368421052,1,3,14,284.0,352.0,185.14285714285714,0.0
Andria Kimpton,Canada,70% Dark Bites,2022-04-08,10262,15,2022,4,8,Friday,4,14,2,0,684.1333333333333,1,1,0,38.0,239.0,153.14285714285714,0.0
Jehu Rudeforth,UK,70% Dark Bites,2022-04-14,5565,258,2022,4,14,Thursday,3,15,2,0,21.569767441860463,1,4,13,15.0,93.0,176.71428571428572,0.0
Brien Boise,India,70% Dark Bites,2022-04-14,4641,413,2022,4,14,Thursday,3,15,2,0,11.23728813559322,1,2,3,258.0,384.0,180.85714285714286,0.0
Brien Boise,USA,70% Dark Bites,2022-04-14,1694,21,2022,4,14,Thursday,3,15,2,0,80.66666666666667,1,5,3,413.0,77.0,172.85714285714286,0.0
Madelene Upcott,Australia,70% Dark Bites,2022-04-15,3710,260,2022,4,15,Friday,4,15,2,0,14.26923076923077,1,0,17,21.0,181.0,184.14285714285714,0.0
Camilla Castle,Australia,70% Dark Bites,2022-04-29,6048,477,2022,4,29,Friday,4,17,2,0,12.679245283018869,1,0,4,260.0,284.0,211.71428571428572,0.0
Husein Augar,India,70% Dark Bites,2022-05-09,6454,157,2022,5,9,Monday,0,19,2,0,41.10828025477707,1,2,11,477.0,38.0,228.71428571428572,0.0
Ches Bonnell,USA,70% Dark Bites,2022-05-11,4571,122,2022,5,11,Wednesday,2,19,2,0,37.467213114754095,1,5,5,157.0,15.0,244.0,0.0
Kaine Padly,USA,70% Dark Bites,2022-05-12,4018,100,2022,5,12,Thursday,3,19,2,0,40.18,1,5,14,122.0,258.0,221.42857142857142,0.0
Karlen McCaffrey,India,70% Dark Bites,2022-05-23,5075,344,2022,5,23,Monday,0,21,2,0,14.752906976744185,1,2,15,100.0,413.0,211.57142857142858,0.0
Beverie Moffet,India,70% Dark Bites,2022-06-01,448,146,2022,6,1,Wednesday,2,22,2,0,3.0684931506849313,1,2,2,344.0,21.0,229.42857142857142,0.0
Van Tuxwell,Canada,70% Dark Bites,2022-06-02,7077,77,2022,6,2,Thursday,3,22,2,0,91.9090909090909,1,1,23,146.0,260.0,203.28571428571428,194.43333333333334
Kelci Walkden,India,70% Dark Bites,2022-06-06,3640,106,2022,6,6,Monday,0,23,2,0,34.339622641509436,1,2,16,77.0,477.0,150.28571428571428,194.5
Brien Boise,New Zealand,70% Dark Bites,2022-06-15,7231,130,2022,6,15,Wednesday,2,24,2,0,55.62307692307692,1,3,3,106.0,157.0,146.42857142857142,194.66666666666666
Dotty Strutley,UK,70% Dark Bites,2022-06-20,1267,216,2022,6,20,Monday,0,25,2,0,5.8657407407407405,1,4,8,130.0,122.0,159.85714285714286,195.33333333333334
Gigi Bohling,UK,70% Dark Bites,2022-06-21,840,81,2022,6,21,Tuesday,1,25,2,0,10.37037037037037,1,4,9,216.0,100.0,157.14285714285714,193.33333333333334
Karlen McCaffrey,Australia,70% Dark Bites,2022-06-24,238,317,2022,6,24,Friday,4,25,2,0,0.750788643533123,1,0,15,81.0,344.0,153.28571428571428,193.86666666666667
Karlen McCaffrey,Canada,70% Dark Bites,2022-06-24,7714,597,2022,6,24,Friday,4,25,2,0,12.921273031825796,1,1,15,317.0,146.0,217.71428571428572,213.53333333333333
Beverie Moffet,USA,70% Dark Bites,2022-06-27,2275,115,2022,6,27,Monday,0,26,2,0,19.782608695652176,1,5,2,597.0,77.0,223.14285714285714,207.86666666666667
Curtice Advani,India,70% Dark Bites,2022-07-05,2282,44,2022,7,5,Tuesday,1,27,3,0,51.86363636363637,1,2,6,115.0,106.0,214.28571428571428,205.73333333333332
Camilla Castle,Canada,70% Dark Bites,2022-07-27,9716,151,2022,7,27,Wednesday,2,30,3,0,64.34437086092716,1,1,4,44.0,130.0,217.28571428571428,203.33333333333334
Karlen McCaffrey,New Zealand,70% Dark Bites,2022-08-02,126,40,2022,8,2,Tuesday,1,31,3,0,3.15,1,3,15,151.0,216.0,192.14285714285714,194.5
Gigi Bohling,Australia,70% Dark Bites,2022-08-18,1372,105,2022,8,18,Thursday,3,33,3,0,13.066666666666666,1,0,9,40.0,81.0,195.57142857142858,186.26666666666668
Rafaelita Blaksland,New Zealand,70% Dark Bites,2022-08-24,679,280,2022,8,24,Wednesday,2,34,3,0,2.425,1,3,21,105.0,317.0,190.28571428571428,187.63333333333333
Curtice Advani,India,85% Dark Bars,2022-01-18,273,402,2022,1,18,Tuesday,1,3,1,0,0.6791044776119403,2,2,6,0.0,0.0,0.0,0.0
Oby Sorrel,New Zealand,85% Dark Bars,2022-02-01,3381,417,2022,2,1,Tuesday,1,5,1,0,8.107913669064748,2,3,20,402.0,0.0,0.0,0.0
Barr Faughny,Australia,85% Dark Bars,2022-02-10,8498,44,2022,2,10,Thursday,3,6,1,0,193.13636363636363,2,0,1,417.0,0.0,0.0,0.0
Beverie Moffet,Canada,85% Dark Bars,2022-02-16,6139,45,2022,2,16,Wednesday,2,7,1,0,136.42222222222222,2,1,2,44.0,0.0,0.0,0.0
Brien Boise,Canada,85% Dark Bars,2022-02-17,10241,259,2022,2,17,Thursday,3,7,1,0,39.54054054054054,2,1,3,45.0,0.0,0.0,0.0
Madelene Upcott,Canada,85% Dark Bars,2022-02-17,7504,101,2022,2,17,Thursday,3,7,1,0,74.29702970297029,2,1,17,259.0,0.0,0.0,0.0
Jehu Rudeforth,New Zealand,85% Dark Bars,2022-03-11,6972,89,2022,3,11,Friday,4,10,1,0,78.33707865168539,2,3,13,101.0,0.0,193.85714285714286,0.0
Karlen McCaffrey,India,85% Dark Bars,2022-03-30,945,83,2022,3,30,Wednesday,2,13,1,0,11.385542168674698,2,2,15,89.0,402.0,148.28571428571428,0.0
Dennison Crosswaite,Australia,85% Dark Bars,2022-04-05,6881,420,2022,4,5,Tuesday,1,14,2,0,16.383333333333333,2,0,7,83.0,417.0,148.71428571428572,0.0
Andria Kimpton,USA,85% Dark Bars,2022-04-05,8911,82,2022,4,5,Tuesday,1,14,2,0,108.67073170731707,2,5,0,420.0,44.0,154.14285714285714,0.0
Kaine Padly,Canada,85% Dark Bars,2022-04-06,1729,31,2022,4,6,Wednesday,2,14,2,0,55.774193548387096,2,1,14,82.0,45.0,152.14285714285714,0.0
Roddy Speechley,New Zealand,85% Dark Bars,2022-04-14,4844,275,2022,4,14,Thursday,3,15,2,0,17.614545454545453,2,3,22,31.0,259.0,154.42857142857142,0.0
Mallorie Waber,Canada,85% Dark Bars,2022-04-20,1428,424,2022,4,20,Wednesday,2,16,2,0,3.3679245283018866,2,1,18,275.0,101.0,200.57142857142858,0.0
Dotty Strutley,USA,85% Dark Bars,2022-04-25,10220,508,2022,4,25,Monday,0,17,2,0,20.118110236220474,2,5,8,424.0,89.0,260.42857142857144,0.0
Camilla Castle,USA,85% Dark Bars,2022-04-25,2401,78,2022,4,25,Monday,0,17,2,0,30.78205128205128,2,5,4,508.0,83.0,259.7142857142857,0.0
Camilla Castle,India,85% Dark Bars,2022-05-04,9023,51,2022,5,4,Wednesday,2,18,2,0,176.92156862745097,2,2,4,78.0,420.0,207.0,0.0
Mallorie Waber,USA,85% Dark Bars,2022-05-11,2632,108,2022,5,11,Wednesday,2,19,2,0,24.37037037037037,2,5,18,51.0,82.0,210.71428571428572,0.0
Curtice Advani,New Zealand,85% Dark Bars,2022-05-12,5404,187,2022,5,12,Thursday,3,19,2,0,28.898395721925134,2,3,6,108.0,31.0,233.0,0.0
Camilla Castle,Australia,85% Dark Bars,2022-05-19,3654,14,2022,5,19,Thursday,3,20,2,0,261.0,2,0,4,187.0,275.0,195.71428571428572,0.0
Barr Faughny,New Zealand,85% Dark Bars,2022-05-23,2100,157,2022,5,23,Monday,0,21,2,0,13.375796178343949,2,3,1,14.0,424.0,157.57142857142858,0.0
Van Tuxwell,New Zealand,85% Dark Bars,2022-05-24,1722,121,2022,5,24,Tuesday,1,21,2,0,14.231404958677686,2,3,23,157.0,508.0,102.28571428571429,0.0
Jan Morforth,India,85% Dark Bars,2022-05-25,4760,418,2022,5,25,Wednesday,2,21,2,0,11.38755980861244,2,2,12,121.0,78.0,150.85714285714286,0.0
Marney O'Breen,New Zealand,85% Dark Bars,2022-05-30,1218,149,2022,5,30,Monday,0,22,2,0,8.174496644295303,2,3,19,418.0,51.0,164.85714285714286,0.0
Mallorie Waber,New Zealand,85% Dark Bars,2022-06-06,7714,106,2022,6,6,Monday,0,23,2,0,72.77358490566037,2,3,18,149.0,108.0,164.57142857142858,0.0
Curtice Advani,UK,85% Dark Bars,2022-06-08,1085,172,2022,6,8,Wednesday,2,23,2,0,6.308139534883721,2,4,6,106.0,187.0,162.42857142857142,0.0
Madelene Upcott,Australia,85% Dark Bars,2022-06-16,1575,329,2022,6,16,Thursday,3,24,2,0,4.787234042553192,2,0,17,172.0,14.0,207.42857142857142,0.0
Kaine Padly,USA,85% Dark Bars,2022-06-22,483,259,2022,6,22,Wednesday,2,25,2,0,1.864864864864865,2,5,14,329.0,157.0,222.0,0.0
Kelci Walkden,UK,85% Dark Bars,2022-06-23,3997,228,2022,6,23,Thursday,3,25,2,0,17.530701754385966,2,4,16,259.0,121.0,237.28571428571428,0.0
Gigi Bohling,UK,85% Dark Bars,2022-06-23,12362,94,2022,6,23,Thursday,3,25,2,0,131.51063829787233,2,4,9,228.0,418.0,191.0,0.0
Karlen McCaffrey,New Zealand,85% Dark Bars,2022-06-28,6069,55,2022,6,28,Tuesday,1,26,2,0,110.34545454545454,2,3,15,94.0,149.0,177.57142857142858,190.2
Ches Bonnell,UK,85% Dark Bars,2022-06-28,14924,12,2022,6,28,Tuesday,1,26,2,0,1243.6666666666667,2,4,5,55.0,106.0,164.14285714285714,177.2
Dennison Crosswaite,India,85% Dark Bars,2022-06-30,4515,22,2022,6,30,Thursday,3,26,2,0,205.22727272727272,2,2,7,12.0,172.0,142.71428571428572,164.03333333333333
Oby Sorrel,Australia,85% Dark Bars,2022-06-30,6944,27,2022,6,30,Thursday,3,26,2,0,257.18518518518516,2,0,20,22.0,329.0,99.57142857142857,163.46666666666667
Gunar Cockshoot,USA,85% Dark Bars,2022-06-30,7007,135,2022,6,30,Thursday,3,26,2,0,51.903703703703705,2,5,10,27.0,259.0,81.85714285714286,166.46666666666667
Oby Sorrel,India,85% Dark Bars,2022-07-05,8981,130,2022,7,5,Tuesday,1,27,3,0,69.08461538461539,2,2,20,135.0,228.0,67.85714285714286,162.16666666666666
Jehu Rudeforth,UK,85% Dark Bars,2022-07-07,5502,64,2022,7,7,Thursday,3,27,3,0,85.96875,2,4,13,130.0,94.0,63.57142857142857,160.93333333333334
Roddy Speechley,Australia,85% Dark Bars,2022-07-08,4200,80,2022,7,8,Friday,4,27,3,0,52.5,2,0,22,64.0,55.0,67.14285714285714,160.63333333333333
Van Tuxwell,UK,85% Dark Bars,2022-07-11,3577,134,2022,7,11,Monday,0,28,3,0,26.69402985074627,2,4,23,80.0,12.0,84.57142857142857,162.33333333333334
Marney O'Breen,India,85% Dark Bars,2022-07-19,2205,179,2022,7,19,Tuesday,1,29,3,0,12.318435754189943,2,2,19,134.0,22.0,107.0,154.3
Van Tuxwell,India,85% Dark Bars,2022-08-01,7896,94,2022,8,1,Monday,0,31,3,0,84.0,2,2,23,179.0,27.0,116.57142857142857,154.7
Dennison Crosswaite,Canada,85% Dark Bars,2022-08-01,10885,90,2022,8,1,Monday,0,31,3,0,120.94444444444444,2,1,7,94.0,135.0,110.14285714285714,156.66666666666666
Wilone O'Kielt,New Zealand,85% Dark Bars,2022-08-02,1827,117,2022,8,2,Tuesday,1,31,3,0,15.615384615384615,2,3,24,90.0,130.0,108.28571428571429,151.4
Husein Augar,USA,85% Dark Bars,2022-08-08,378,54,2022,8,8,Monday,0,32,3,0,7.0,2,5,11,117.0,64.0,106.85714285714286,139.06666666666666
Camilla Castle,New Zealand,85% Dark Bars,2022-08-08,15099,55,2022,8,8,Monday,0,32,3,0,274.5272727272727,2,3,4,54.0,80.0,103.28571428571429,123.96666666666667
Brien Boise,India,85% Dark Bars,2022-08-09,18032,205,2022,8,9,Tuesday,1,32,3,0,87.9609756097561,2,2,3,55.0,134.0,113.42857142857143,128.2
Andria Kimpton,Australia,85% Dark Bars,2022-08-23,4186,233,2022,8,23,Tuesday,1,34,3,0,17.965665236051503,2,0,0,205.0,179.0,121.14285714285714,134.26666666666668
Beverie Moffet,USA,85% Dark Bars,2022-08-23,12404,334,2022,8,23,Tuesday,1,34,3,0,37.137724550898206,2,5,2,233.0,94.0,155.42857142857142,141.8
Barr Faughny,USA,85% Dark Bars,2022-08-25,12761,47,2022,8,25,Thursday,3,34,3,0,271.51063829787233,2,5,1,334.0,90.0,149.28571428571428,137.13333333333333
Mallorie Waber,Australia,85% Dark Bars,2022-08-26,2541,53,2022,8,26,Friday,4,34,3,0,47.943396226415096,2,0,18,47.0,117.0,140.14285714285714,138.43333333333334
Beverie Moffet,New Zealand,85% Dark Bars,2022-08-30,11200,22,2022,8,30,Tuesday,1,35,3,0,509.09090909090907,2,3,2,53.0,54.0,135.57142857142858,133.93333333333334
Dotty Strutley,UK,99% Dark & Pure,2022-01-03,9310,282,2022,1,3,Monday,0,1,1,0,33.01418439716312,3,4,8,0.0,0.0,0.0,0.0
Jehu Rudeforth,USA,99% Dark & Pure,2022-01-04,2534,219,2022,1,4,Tuesday,1,1,1,0,11.570776255707763,3,5,13,282.0,0.0,0.0,0.0
Curtice Advani,Australia,99% Dark & Pure,2022-01-07,4676,84,2022,1,7,Friday,4,1,1,0,55.666666666666664,3,0,6,219.0,0.0,0.0,0.0
Marney O'Breen,UK,99% Dark & Pure,2022-01-13,8113,194,2022,1,13,Thursday,3,2,1,0,41.81958762886598,3,4,19,84.0,0.0,0.0,0.0
Van Tuxwell,Australia,99% Dark & Pure,2022-01-17,112,128,2022,1,17,Monday,0,3,1,0,0.875,3,0,23,194.0,0.0,0.0,0.0
Camilla Castle,Australia,99% Dark & Pure,2022-01-18,4669,101,2022,1,18,Tuesday,1,3,1,0,46.227722772277225,3,0,4,128.0,0.0,0.0,0.0
Oby Sorrel,UK,99% Dark & Pure,2022-01-25,13685,176,2022,1,25,Tuesday,1,4,1,0,77.75568181818181,3,4,20,101.0,0.0,169.14285714285714,0.0
Madelene Upcott,UK,99% Dark & Pure,2022-01-26,10479,45,2022,1,26,Wednesday,2,4,1,0,232.86666666666667,3,4,17,176.0,282.0,135.28571428571428,0.0
Karlen McCaffrey,Australia,99% Dark & Pure,2022-01-26,10822,168,2022,1,26,Wednesday,2,4,1,0,64.41666666666667,3,0,15,45.0,219.0,128.0,0.0
Van Tuxwell,UK,99% Dark & Pure,2022-01-31,4725,137,2022,1,31,Monday,0,5,1,0,34.48905109489051,3,4,23,168.0,84.0,135.57142857142858,0.0
Dennison Crosswaite,Australia,99% Dark & Pure,2022-01-31,2758,18,2022,1,31,Monday,0,5,1,0,153.22222222222223,3,0,7,137.0,194.0,110.42857142857143,0.0
Ches Bonnell,India,99% Dark & Pure,2022-02-16,455,96,2022,2,16,Wednesday,2,7,1,0,4.739583333333333,3,2,5,18.0,128.0,105.85714285714286,0.0
Husein Augar,USA,99% Dark & Pure,2022-02-21,9534,111,2022,2,21,Monday,0,8,1,0,85.89189189189189,3,5,11,96.0,101.0,107.28571428571429,0.0
Jehu Rudeforth,India,99% Dark & Pure,2022-02-25,1953,242,2022,2,25,Friday,4,8,1,0,8.070247933884298,3,2,13,111.0,176.0,116.71428571428571,0.0
Jehu Rudeforth,Australia,99% Dark & Pure,2022-02-25,10486,198,2022,2,25,Friday,4,8,1,0,52.95959595959596,3,0,13,242.0,45.0,138.57142857142858,0.0
Rafaelita Blaksland,Canada,99% Dark & Pure,2022-03-02,5096,142,2022,3,2,Wednesday,2,9,1,0,35.88732394366197,3,1,21,198.0,168.0,134.85714285714286,0.0
Gunar Cockshoot,UK,99% Dark & Pure,2022-03-07,7,84,2022,3,7,Monday,0,10,1,0,0.08333333333333333,3,4,10,142.0,137.0,127.28571428571429,0.0
Rafaelita Blaksland,New Zealand,99% Dark & Pure,2022-03-25,3164,84,2022,3,25,Friday,4,12,1,0,37.666666666666664,3,3,21,84.0,18.0,136.71428571428572,0.0
Marney O'Breen,USA,99% Dark & Pure,2022-03-28,4151,296,2022,3,28,Monday,0,13,1,0,14.02364864864865,3,5,19,84.0,96.0,165.28571428571428,0.0
Roddy Speechley,New Zealand,99% Dark & Pure,2022-04-18,7483,183,2022,4,18,Monday,0,16,2,0,40.89071038251366,3,3,22,296.0,111.0,175.57142857142858,0.0
Dotty Strutley,New Zealand,99% Dark & Pure,2022-05-09,10724,203,2022,5,9,Monday,0,19,2,0,52.827586206896555,3,3,8,183.0,242.0,170.0,0.0
Brien Boise,Canada,99% Dark & Pure,2022-05-18,16793,416,2022,5,18,Wednesday,2,20,2,0,40.36778846153846,3,1,3,203.0,198.0,201.14285714285714,0.0
Jan Morforth,India,99% Dark & Pure,2022-05-23,9100,187,2022,5,23,Monday,0,21,2,0,48.663101604278076,3,2,12,416.0,142.0,207.57142857142858,0.0
Barr Faughny,New Zealand,99% Dark & Pure,2022-05-24,8134,195,2022,5,24,Tuesday,1,21,2,0,41.712820512820514,3,3,1,187.0,84.0,223.42857142857142,0.0
Oby Sorrel,India,99% Dark & Pure,2022-05-27,10255,11,2022,5,27,Friday,4,21,2,0,932.2727272727273,3,2,20,195.0,84.0,213.0,0.0
Dennison Crosswaite,UK,99% Dark & Pure,2022-05-30,12187,27,2022,5,30,Monday,0,22,2,0,451.3703703703704,3,4,7,11.0,296.0,174.57142857142858,0.0
Gigi Bohling,USA,99% Dark & Pure,2022-06-02,784,249,2022,6,2,Thursday,3,22,2,0,3.1485943775100402,3,5,9,27.0,183.0,184.0,0.0
Dennison Crosswaite,India,99% Dark & Pure,2022-06-23,6888,311,2022,6,23,Thursday,3,25,2,0,22.14790996784566,3,2,7,249.0,203.0,199.42857142857142,0.0
Kaine Padly,Canada,99% Dark & Pure,2022-06-24,1288,409,2022,6,24,Friday,4,25,2,0,3.1491442542787285,3,1,14,311.0,416.0,198.42857142857142,0.0
Kelci Walkden,India,99% Dark & Pure,2022-06-28,2303,244,2022,6,28,Tuesday,1,26,2,0,9.438524590163935,3,2,16,409.0,187.0,206.57142857142858,174.66666666666666
Rafaelita Blaksland,UK,99% Dark & Pure,2022-06-29,12446,150,2022,6,29,Wednesday,2,26,2,0,82.97333333333333,3,4,21,244.0,195.0,200.14285714285714,170.26666666666668
Kelci Walkden,Australia,99% Dark & Pure,2022-06-30,3185,34,2022,6,30,Thursday,3,26,2,0,93.67647058823529,3,0,16,150.0,11.0,203.42857142857142,164.1
Brien Boise,Australia,99% Dark & Pure,2022-07-04,2835,102,2022,7,4,Monday,0,27,3,0,27.794117647058822,3,0,3,34.0,27.0,214.14285714285714,164.7
Curtice Advani,Canada,99% Dark & Pure,2022-07-07,12586,7,2022,7,7,Thursday,3,27,3,0,1798.0,3,1,6,102.0,249.0,179.57142857142858,158.46666666666667
Marney O'Breen,India,99% Dark & Pure,2022-07-22,10766,157,2022,7,22,Friday,4,29,3,0,68.5732484076433,3,2,19,7.0,311.0,157.57142857142858,159.43333333333334
Brien Boise,USA,99% Dark & Pure,2022-07-25,6769,353,2022,7,25,Monday,0,30,3,0,19.175637393767705,3,5,3,157.0,409.0,149.57142857142858,167.83333333333334
Andria Kimpton,UK,99% Dark & Pure,2022-07-25,1155,66,2022,7,25,Monday,0,30,3,0,17.5,3,4,0,353.0,244.0,124.14285714285714,164.16666666666666
Van Tuxwell,USA,99% Dark & Pure,2022-07-28,12586,6,2022,7,28,Thursday,3,30,3,0,2097.6666666666665,3,5,23,66.0,150.0,103.57142857142857,162.86666666666667
Oby Sorrel,Canada,99% Dark & Pure,2022-08-01,3605,403,2022,8,1,Monday,0,31,3,0,8.945409429280398,3,1,20,6.0,34.0,156.28571428571428,170.7
Madelene Upcott,Australia,99% Dark & Pure,2022-08-01,4326,154,2022,8,1,Monday,0,31,3,0,28.09090909090909,3,0,17,403.0,102.0,163.71428571428572,171.26666666666668
Camilla Castle,India,99% Dark & Pure,2022-08-02,203,207,2022,8,2,Tuesday,1,31,3,0,0.9806763285024155,3,2,4,154.0,7.0,192.28571428571428,177.56666666666666
Dotty Strutley,USA,99% Dark & Pure,2022-08-09,3822,320,2022,8,9,Tuesday,1,32,3,0,11.94375,3,5,8,207.0,157.0,215.57142857142858,185.03333333333333
Beverie Moffet,UK,99% Dark & Pure,2022-08-10,3486,121,2022,8,10,Wednesday,2,32,3,0,28.8099173553719,3,4,2,320.0,353.0,182.42857142857142,185.36666666666667
Kelci Walkden,UK,99% Dark & Pure,2022-08-12,3507,114,2022,8,12,Friday,4,32,3,0,30.763157894736842,3,4,16,121.0,66.0,189.28571428571428,181.1
Kelci Walkden,Canada,99% Dark & Pure,2022-08-15,4830,50,2022,8,15,Monday,0,33,3,0,96.6,3,1,16,114.0,6.0,195.57142857142858,176.16666666666666
Kelci Walkden,USA,99% Dark & Pure,2022-08-18,7714,238,2022,8,18,Thursday,3,33,3,0,32.411764705882355,3,5,16,50.0,403.0,172.0,179.36666666666667
Gunar Cockshoot,Australia,99% Dark & Pure,2022-08-18,7952,235,2022,8,18,Thursday,3,33,3,0,33.838297872340426,3,0,10,238.0,154.0,183.57142857142858,184.4
Husein Augar,Australia,99% Dark & Pure,2022-08-26,3087,128,2022,8,26,Friday,4,34,3,0,24.1171875,3,0,11,235.0,207.0,172.28571428571428,185.86666666666667
Camilla Castle,New Zealand,99% Dark & Pure,2022-08-26,2268,42,2022,8,26,Friday,4,34,3,0,54.0,3,3,4,128.0,320.0,132.57142857142858,177.4
Kelci Walkden,India,After Nines,2022-01-07,1687,520,2022,1,7,Friday,4,1,1,0,3.2442307692307693,4,2,16,0.0,0.0,0.0,0.0
Kelci Walkden,Canada,After Nines,2022-01-13,16702,198,2022,1,13,Thursday,3,2,1,0,84.35353535353535,4,1,16,520.0,0.0,0.0,0.0
Gigi Bohling,USA,After Nines,2022-01-14,1848,227,2022,1,14,Friday,4,2,1,0,8.140969162995594,4,5,9,198.0,0.0,0.0,0.0
Dotty Strutley,Canada,After Nines,2022-01-17,252,237,2022,1,17,Monday,0,3,1,0,1.0632911392405062,4,1,8,227.0,0.0,0.0,0.0
Andria Kimpton,India,After Nines,2022-01-17,952,68,2022,1,17,Monday,0,3,1,0,14.0,4,2,0,237.0,0.0,0.0,0.0
Husein Augar,Canada,After Nines,2022-01-19,9772,301,2022,1,19,Wednesday,2,3,1,0,32.46511627906977,4,1,11,68.0,0.0,0.0,0.0
Gigi Bohling,New Zealand,After Nines,2022-01-21,5600,181,2022,1,21,Friday,4,3,1,0,30.939226519337016,4,3,9,301.0,0.0,247.42857142857142,0.0
Kaine Padly,UK,After Nines,2022-01-21,18697,176,2022,1,21,Friday,4,3,1,0,106.23295454545455,4,4,14,181.0,520.0,198.28571428571428,0.0
Jehu Rudeforth,Australia,After Nines,2022-02-14,5250,47,2022,2,14,Monday,0,7,1,0,111.70212765957447,4,0,13,176.0,198.0,176.71428571428572,0.0
Kelci Walkden,Australia,After Nines,2022-03-02,6916,288,2022,3,2,Wednesday,2,9,1,0,24.01388888888889,4,0,16,47.0,227.0,185.42857142857142,0.0
Rafaelita Blaksland,India,After Nines,2022-03-02,4739,204,2022,3,2,Wednesday,2,9,1,0,23.230392156862745,4,2,21,288.0,237.0,180.71428571428572,0.0
Marney O'Breen,New Zealand,After Nines,2022-03-09,1561,44,2022,3,9,Wednesday,2,10,1,0,35.47727272727273,4,3,19,204.0,68.0,177.28571428571428,0.0
Jan Morforth,India,After Nines,2022-03-14,6496,168,2022,3,14,Monday,0,11,1,0,38.666666666666664,4,2,12,44.0,301.0,158.28571428571428,0.0
Madelene Upcott,USA,After Nines,2022-03-15,4571,430,2022,3,15,Tuesday,1,11,1,0,10.630232558139534,4,5,17,168.0,181.0,193.85714285714286,0.0
Gunar Cockshoot,Australia,After Nines,2022-03-24,3080,73,2022,3,24,Thursday,3,12,1,0,42.19178082191781,4,0,10,430.0,176.0,179.14285714285714,0.0
Gigi Bohling,UK,After Nines,2022-03-29,8029,175,2022,3,29,Tuesday,1,13,1,0,45.88,4,4,9,73.0,47.0,197.42857142857142,0.0
Curtice Advani,New Zealand,After Nines,2022-04-05,7959,30,2022,4,5,Tuesday,1,14,2,0,265.3,4,3,6,175.0,288.0,160.57142857142858,0.0
Husein Augar,USA,After Nines,2022-04-08,11571,180,2022,4,8,Friday,4,14,2,0,64.28333333333333,4,5,11,30.0,204.0,157.14285714285714,0.0
Kaine Padly,Australia,After Nines,2022-04-08,6832,306,2022,4,8,Friday,4,14,2,0,22.326797385620914,4,0,14,180.0,44.0,194.57142857142858,0.0
Curtice Advani,USA,After Nines,2022-04-13,14147,235,2022,4,13,Wednesday,2,15,2,0,60.2,4,5,6,306.0,168.0,204.14285714285714,0.0
Jehu Rudeforth,New Zealand,After Nines,2022-04-14,1512,73,2022,4,14,Thursday,3,15,2,0,20.71232876712329,4,3,13,235.0,430.0,153.14285714285714,0.0
Barr Faughny,New Zealand,After Nines,2022-04-19,10024,84,2022,4,19,Tuesday,1,16,2,0,119.33333333333333,4,3,1,73.0,73.0,154.71428571428572,0.0
Wilone O'Kielt,USA,After Nines,2022-04-25,392,30,2022,4,25,Monday,0,17,2,0,13.066666666666666,4,5,24,84.0,175.0,134.0,0.0
Mallorie Waber,New Zealand,After Nines,2022-05-04,483,228,2022,5,4,Wednesday,2,18,2,0,2.1184210526315788,4,3,18,30.0,30.0,162.28571428571428,0.0
Andria Kimpton,Canada,After Nines,2022-05-11,2163,70,2022,5,11,Wednesday,2,19,2,0,30.9,4,1,0,228.0,180.0,146.57142857142858,0.0
Roddy Speechley,New Zealand,After Nines,2022-05-25,8001,10,2022,5,25,Wednesday,2,21,2,0,800.1,4,3,22,70.0,306.0,104.28571428571429,0.0
Wilone O'Kielt,Australia,After Nines,2022-05-27,3325,26,2022,5,27,Friday,4,21,2,0,127.88461538461539,4,0,24,10.0,235.0,74.42857142857143,0.0
Marney O'Breen,USA,After Nines,2022-05-30,4753,163,2022,5,30,Monday,0,22,2,0,29.15950920245399,4,5,19,26.0,73.0,87.28571428571429,0.0
Kelci Walkden,USA,After Nines,2022-06-02,938,16,2022,6,2,Thursday,3,22,2,0,58.625,4,5,16,163.0,84.0,77.57142857142857,0.0
Brien Boise,India,After Nines,2022-06-16,5747,45,2022,6,16,Thursday,3,24,2,0,127.71111111111111,4,2,3,16.0,30.0,79.71428571428571,161.1
Roddy Speechley,India,After Nines,2022-06-22,2576,112,2022,6,22,Wednesday,2,25,2,0,23.0,4,2,22,45.0,228.0,63.142857142857146,147.5
Ches Bonnell,New Zealand,After Nines,2022-06-23,5705,350,2022,6,23,Thursday,3,25,2,0,16.3,4,3,5,112.0,70.0,103.14285714285714,152.56666666666666
Jehu Rudeforth,UK,After Nines,2022-06-27,1946,164,2022,6,27,Monday,0,26,2,0,11.865853658536585,4,4,13,350.0,10.0,125.14285714285714,150.46666666666667
Van Tuxwell,India,After Nines,2022-06-27,13706,207,2022,6,27,Monday,0,26,2,0,66.21256038647343,4,2,23,164.0,26.0,151.0,149.46666666666667
Husein Augar,UK,After Nines,2022-07-05,3507,380,2022,7,5,Tuesday,1,27,3,0,9.228947368421053,4,4,11,207.0,163.0,182.0,159.86666666666667
Kelci Walkden,New Zealand,After Nines,2022-07-07,147,72,2022,7,7,Thursday,3,27,3,0,2.0416666666666665,4,3,16,380.0,16.0,190.0,152.23333333333332
Rafaelita Blaksland,New Zealand,After Nines,2022-07-07,1099,92,2022,7,7,Thursday,3,27,3,0,11.945652173913043,4,3,21,72.0,45.0,196.71428571428572,149.26666666666668
Marney O'Breen,India,After Nines,2022-07-11,2639,179,2022,7,11,Monday,0,28,3,0,14.743016759776536,4,2,19,92.0,112.0,206.28571428571428,149.36666666666667
Jan Morforth,Canada,After Nines,2022-07-13,4515,172,2022,7,13,Wednesday,2,28,3,0,26.25,4,1,12,179.0,350.0,180.85714285714286,153.53333333333333
Oby Sorrel,UK,After Nines,2022-07-18,2345,104,2022,7,18,Monday,0,29,3,0,22.548076923076923,4,4,20,172.0,164.0,172.28571428571428,147.4
Van Tuxwell,USA,After Nines,2022-07-26,630,264,2022,7,26,Tuesday,1,30,3,0,2.3863636363636362,4,5,23,104.0,207.0,180.42857142857142,149.4
Barr Faughny,India,After Nines,2022-07-29,8190,109,2022,7,29,Friday,4,30,3,0,75.13761467889908,4,2,1,264.0,380.0,141.71428571428572,151.56666666666666
Gunar Cockshoot,Canada,After Nines,2022-08-04,2744,200,2022,8,4,Thursday,3,31,3,0,13.72,4,1,10,109.0,72.0,160.0,152.63333333333333
Husein Augar,New Zealand,After Nines,2022-08-04,6433,7,2022,8,4,Thursday,3,31,3,0,919.0,4,3,11,200.0,92.0,147.85714285714286,138.53333333333333
Wilone O'Kielt,India,After Nines,2022-08-04,12026,262,2022,8,4,Thursday,3,31,3,0,45.900763358778626,4,2,24,7.0,179.0,159.71428571428572,144.83333333333334
Gunar Cockshoot,New Zealand,After Nines,2022-08-09,7175,145,2022,8,9,Tuesday,1,32,3,0,49.48275862068966,4,3,10,262.0,172.0,155.85714285714286,143.83333333333334
Karlen McCaffrey,Australia,After Nines,2022-08-11,2303,67,2022,8,11,Thursday,3,32,3,0,34.37313432835821,4,0,15,145.0,104.0,150.57142857142858,145.06666666666666
Curtice Advani,Australia,After Nines,2022-08-11,63,105,2022,8,11,Thursday,3,32,3,0,0.6,4,0,6,67.0,264.0,127.85714285714286,142.56666666666666
Gunar Cockshoot,USA,After Nines,2022-08-15,3738,261,2022,8,15,Monday,0,33,3,0,14.32183908045977,4,5,10,105.0,109.0,149.57142857142858,141.06666666666666
Kaine Padly,Canada,After Nines,2022-08-22,5845,172,2022,8,22,Monday,0,34,3,0,33.98255813953488,4,1,14,261.0,200.0,145.57142857142858,138.96666666666667
Gunar Cockshoot,New Zealand,Almond Choco,2022-01-05,5173,129,2022,1,5,Wednesday,2,1,1,0,40.10077519379845,5,3,10,0.0,0.0,0.0,0.0
Gigi Bohling,UK,Almond Choco,2022-01-10,5642,9,2022,1,10,Monday,0,2,1,0,626.8888888888889,5,4,9,129.0,0.0,0.0,0.0
Barr Faughny,New Zealand,Almond Choco,2022-01-13,5558,127,2022,1,13,Thursday,3,2,1,0,43.76377952755905,5,3,1,9.0,0.0,0.0,0.0
Brien Boise,India,Almond Choco,2022-01-13,2170,218,2022,1,13,Thursday,3,2,1,0,9.954128440366972,5,2,3,127.0,0.0,0.0,0.0
Gunar Cockshoot,Australia,Almond Choco,2022-01-25,3752,424,2022,1,25,Tuesday,1,4,1,0,8.849056603773585,5,0,10,218.0,0.0,0.0,0.0
Kelci Walkden,USA,Almond Choco,2022-01-27,5180,233,2022,1,27,Thursday,3,4,1,0,22.23175965665236,5,5,16,424.0,0.0,0.0,0.0
Mallorie Waber,USA,Almond Choco,2022-01-28,6986,368,2022,1,28,Friday,4,4,1,0,18.983695652173914,5,5,18,233.0,0.0,215.42857142857142,0.0
Gigi Bohling,Canada,Almond Choco,2022-02-01,9989,49,2022,2,1,Tuesday,1,5,1,0,203.85714285714286,5,1,9,368.0,129.0,204.0,0.0
Barr Faughny,USA,Almond Choco,2022-02-03,385,78,2022,2,3,Thursday,3,5,1,0,4.935897435897436,5,5,1,49.0,9.0,213.85714285714286,0.0
Oby Sorrel,Australia,Almond Choco,2022-02-15,6034,223,2022,2,15,Tuesday,1,7,1,0,27.05829596412556,5,0,20,78.0,127.0,227.57142857142858,0.0
Kaine Padly,Australia,Almond Choco,2022-02-22,4102,392,2022,2,22,Tuesday,1,8,1,0,10.464285714285714,5,0,14,223.0,218.0,252.42857142857142,0.0
Marney O'Breen,USA,Almond Choco,2022-02-25,7798,167,2022,2,25,Friday,4,8,1,0,46.69461077844311,5,5,19,392.0,424.0,215.71428571428572,0.0
Jan Morforth,India,Almond Choco,2022-03-11,4466,22,2022,3,11,Friday,4,10,1,0,203.0,5,2,12,167.0,233.0,185.57142857142858,0.0
Kelci Walkden,India,Almond Choco,2022-03-14,3297,149,2022,3,14,Monday,0,11,1,0,22.12751677852349,5,2,16,22.0,368.0,154.28571428571428,0.0
Wilone O'Kielt,New Zealand,Almond Choco,2022-03-15,9198,144,2022,3,15,Tuesday,1,11,1,0,63.875,5,3,24,149.0,49.0,167.85714285714286,0.0
Curtice Advani,Canada,Almond Choco,2022-03-24,4865,70,2022,3,24,Thursday,3,12,1,0,69.5,5,1,6,144.0,78.0,166.71428571428572,0.0
Roddy Speechley,New Zealand,Almond Choco,2022-03-28,2723,67,2022,3,28,Monday,0,13,1,0,40.64179104477612,5,3,22,70.0,223.0,144.42857142857142,0.0
Andria Kimpton,New Zealand,Almond Choco,2022-04-05,6559,158,2022,4,5,Tuesday,1,14,2,0,41.5126582278481,5,3,0,67.0,392.0,111.0,0.0
Brien Boise,Canada,Almond Choco,2022-04-13,4781,125,2022,4,13,Wednesday,2,15,2,0,38.248,5,1,3,158.0,167.0,105.0,0.0
Ches Bonnell,India,Almond Choco,2022-04-13,11788,73,2022,4,13,Wednesday,2,15,2,0,161.4794520547945,5,2,5,125.0,22.0,112.28571428571429,0.0
Andria Kimpton,Australia,Almond Choco,2022-04-25,3192,175,2022,4,25,Monday,0,17,2,0,18.24,5,0,0,73.0,149.0,116.0,0.0
Mallorie Waber,Canada,Almond Choco,2022-05-12,4214,35,2022,5,12,Thursday,3,19,2,0,120.4,5,1,18,175.0,144.0,100.42857142857143,0.0
Dotty Strutley,Australia,Almond Choco,2022-05-13,1456,91,2022,5,13,Friday,4,19,2,0,16.0,5,0,8,35.0,70.0,103.42857142857143,0.0
Beverie Moffet,UK,Almond Choco,2022-05-16,2506,100,2022,5,16,Monday,0,20,2,0,25.06,5,4,2,91.0,67.0,108.14285714285714,0.0
Husein Augar,UK,Almond Choco,2022-05-17,8309,166,2022,5,17,Tuesday,1,20,2,0,50.05421686746988,5,4,11,100.0,158.0,109.28571428571429,0.0
Oby Sorrel,USA,Almond Choco,2022-05-19,6440,141,2022,5,19,Thursday,3,20,2,0,45.673758865248224,5,5,20,166.0,125.0,111.57142857142857,0.0
Beverie Moffet,India,Almond Choco,2022-05-24,3066,96,2022,5,24,Tuesday,1,21,2,0,31.9375,5,2,2,141.0,73.0,114.85714285714286,0.0
Brien Boise,UK,Almond Choco,2022-05-25,105,125,2022,5,25,Wednesday,2,21,2,0,0.84,5,4,3,96.0,175.0,107.71428571428571,0.0
Kelci Walkden,Australia,Almond Choco,2022-05-30,4879,350,2022,5,30,Monday,0,22,2,0,13.94,5,0,16,125.0,35.0,152.71428571428572,0.0
Madelene Upcott,USA,Almond Choco,2022-05-31,10143,24,2022,5,31,Tuesday,1,22,2,0,422.625,5,5,17,350.0,91.0,143.14285714285714,150.93333333333334
Van Tuxwell,UK,Almond Choco,2022-06-06,10689,204,2022,6,6,Monday,0,23,2,0,52.39705882352941,5,4,23,24.0,100.0,158.0,153.43333333333334
Van Tuxwell,India,Almond Choco,2022-06-14,6426,390,2022,6,14,Tuesday,1,24,2,0,16.476923076923075,5,2,23,204.0,166.0,190.0,166.13333333333333
Roddy Speechley,Australia,Almond Choco,2022-06-24,4466,74,2022,6,24,Friday,4,25,2,0,60.351351351351354,5,0,22,390.0,141.0,180.42857142857142,164.36666666666667
Van Tuxwell,Canada,Almond Choco,2022-06-27,3213,72,2022,6,27,Monday,0,26,2,0,44.625,5,1,23,74.0,96.0,177.0,159.5
Karlen McCaffrey,UK,Almond Choco,2022-06-30,6839,133,2022,6,30,Thursday,3,26,2,0,51.421052631578945,5,4,15,72.0,125.0,178.14285714285714,149.8
Dennison Crosswaite,USA,Almond Choco,2022-06-30,11718,84,2022,6,30,Thursday,3,26,2,0,139.5,5,5,7,133.0,350.0,140.14285714285714,144.83333333333334
Karlen McCaffrey,India,Almond Choco,2022-07-06,6090,149,2022,7,6,Wednesday,2,27,3,0,40.87248322147651,5,2,15,84.0,24.0,158.0,137.53333333333333
Jan Morforth,UK,Almond Choco,2022-07-06,9744,157,2022,7,6,Wednesday,2,27,3,0,62.06369426751592,5,4,12,149.0,204.0,151.28571428571428,141.13333333333333
Karlen McCaffrey,Australia,Almond Choco,2022-07-08,7294,128,2022,7,8,Friday,4,27,3,0,56.984375,5,0,15,157.0,390.0,113.85714285714286,142.8
Curtice Advani,Australia,Almond Choco,2022-07-13,2912,75,2022,7,13,Wednesday,2,28,3,0,38.82666666666667,5,0,6,128.0,74.0,114.0,137.86666666666667
Rafaelita Blaksland,India,Almond Choco,2022-07-27,3395,99,2022,7,27,Wednesday,2,30,3,0,34.292929292929294,5,2,21,75.0,72.0,117.85714285714286,128.1
Dotty Strutley,UK,Almond Choco,2022-07-28,16114,96,2022,7,28,Thursday,3,30,3,0,167.85416666666666,5,4,8,99.0,133.0,112.57142857142857,125.73333333333333
Gunar Cockshoot,Canada,Almond Choco,2022-07-28,1309,30,2022,7,28,Thursday,3,30,3,0,43.63333333333333,5,1,10,96.0,84.0,104.85714285714286,126.0
Mallorie Waber,Australia,Almond Choco,2022-08-01,7882,125,2022,8,1,Monday,0,31,3,0,63.056,5,0,18,30.0,149.0,101.42857142857143,125.2
Kaine Padly,Canada,Almond Choco,2022-08-12,6055,73,2022,8,12,Friday,4,32,3,0,82.94520547945206,5,1,14,125.0,157.0,89.42857142857143,122.83333333333333
Gigi Bohling,Australia,Almond Choco,2022-08-17,910,117,2022,8,17,Wednesday,2,33,3,0,7.777777777777778,5,0,9,73.0,128.0,87.85714285714286,124.4
Madelene Upcott,Canada,Almond Choco,2022-08-22,7602,102,2022,8,22,Monday,0,34,3,0,74.52941176470588,5,1,17,117.0,75.0,91.71428571428571,125.56666666666666
Jehu Rudeforth,India,Almond Choco,2022-08-30,10122,100,2022,8,30,Tuesday,1,35,3,0,101.22,5,2,13,102.0,99.0,91.85714285714286,123.63333333333334
Brien Boise,Australia,Baker's Choco Chips,2022-01-04,12516,212,2022,1,4,Tuesday,1,1,1,0,59.0377358490566,6,0,3,0.0,0.0,0.0,0.0
Beverie Moffet,Canada,Baker's Choco Chips,2022-01-11,13447,95,2022,1,11,Tuesday,1,2,1,0,141.54736842105262,6,1,2,212.0,0.0,0.0,0.0
Dennison Crosswaite,Australia,Baker's Choco Chips,2022-01-11,13846,421,2022,1,11,Tuesday,1,2,1,0,32.888361045130644,6,0,7,95.0,0.0,0.0,0.0
Marney O'Breen,Australia,Baker's Choco Chips,2022-01-13,5810,101,2022,1,13,Thursday,3,2,1,0,57.524752475247524,6,0,19,421.0,0.0,0.0,0.0
Dennison Crosswaite,UK,Baker's Choco Chips,2022-01-17,2275,275,2022,1,17,Monday,0,3,1,0,8.272727272727273,6,4,7,101.0,0.0,0.0,0.0
Wilone O'Kielt,Australia,Baker's Choco Chips,2022-01-25,2961,154,2022,1,25,Tuesday,1,4,1,0,19.227272727272727,6,0,24,275.0,0.0,0.0,0.0
Marney O'Breen,USA,Baker's Choco Chips,2022-01-26,8470,9,2022,1,26,Wednesday,2,4,1,0,941.1111111111111,6,5,19,154.0,0.0,181.0,0.0
Gigi Bohling,Canada,Baker's Choco Chips,2022-01-28,1505,47,2022,1,28,Friday,4,4,1,0,32.02127659574468,6,1,9,9.0,212.0,157.42857142857142,0.0
Barr Faughny,Canada,Baker's Choco Chips,2022-02-03,10969,170,2022,2,3,Thursday,3,5,1,0,64.52352941176471,6,1,1,47.0,95.0,168.14285714285714,0.0
Karlen McCaffrey,UK,Baker's Choco Chips,2022-02-07,4753,389,2022,2,7,Monday,0,6,1,0,12.218508997429305,6,4,15,170.0,421.0,163.57142857142858,0.0
Roddy Speechley,New Zealand,Baker's Choco Chips,2022-02-22,5313,215,2022,2,22,Tuesday,1,8,1,0,24.711627906976744,6,3,22,389.0,101.0,179.85714285714286,0.0
Jan Morforth,UK,Baker's Choco Chips,2022-03-11,721,251,2022,3,11,Friday,4,10,1,0,2.8725099601593627,6,4,12,215.0,275.0,176.42857142857142,0.0
Gunar Cockshoot,India,Baker's Choco Chips,2022-03-18,2191,524,2022,3,18,Friday,4,11,1,0,4.181297709923665,6,2,10,251.0,154.0,229.28571428571428,0.0
Ches Bonnell,Canada,Baker's Choco Chips,2022-03-21,7462,371,2022,3,21,Monday,0,12,1,0,20.11320754716981,6,1,5,524.0,9.0,281.0,0.0
Van Tuxwell,New Zealand,Baker's Choco Chips,2022-03-22,9660,24,2022,3,22,Tuesday,1,12,1,0,402.5,6,3,23,371.0,47.0,277.7142857142857,0.0
Van Tuxwell,UK,Baker's Choco Chips,2022-03-24,2443,20,2022,3,24,Thursday,3,12,1,0,122.15,6,4,23,24.0,170.0,256.2857142857143,0.0
Roddy Speechley,UK,Baker's Choco Chips,2022-04-04,14028,351,2022,4,4,Monday,0,14,2,0,39.965811965811966,6,4,22,20.0,389.0,250.85714285714286,0.0
Karlen McCaffrey,New Zealand,Baker's Choco Chips,2022-04-05,5012,189,2022,4,5,Tuesday,1,14,2,0,26.51851851851852,6,3,15,351.0,215.0,247.14285714285714,0.0
Wilone O'Kielt,New Zealand,Baker's Choco Chips,2022-04-22,3836,59,2022,4,22,Friday,4,16,2,0,65.01694915254237,6,3,24,189.0,251.0,219.71428571428572,0.0
Oby Sorrel,New Zealand,Baker's Choco Chips,2022-04-25,11823,47,2022,4,25,Monday,0,17,2,0,251.5531914893617,6,3,20,59.0,524.0,151.57142857142858,0.0
Husein Augar,UK,Baker's Choco Chips,2022-04-29,3038,135,2022,4,29,Friday,4,17,2,0,22.503703703703703,6,4,11,47.0,371.0,117.85714285714286,0.0
Van Tuxwell,Australia,Baker's Choco Chips,2022-05-11,13258,32,2022,5,11,Wednesday,2,19,2,0,414.3125,6,0,23,135.0,24.0,119.0,0.0
Gigi Bohling,UK,Baker's Choco Chips,2022-05-16,9023,409,2022,5,16,Monday,0,20,2,0,22.061124694376527,6,4,9,32.0,20.0,174.57142857142858,0.0
Jehu Rudeforth,UK,Baker's Choco Chips,2022-05-16,2485,97,2022,5,16,Monday,0,20,2,0,25.61855670103093,6,4,13,409.0,351.0,138.28571428571428,0.0
Kelci Walkden,Canada,Baker's Choco Chips,2022-05-26,3073,302,2022,5,26,Thursday,3,21,2,0,10.175496688741722,6,1,16,97.0,189.0,154.42857142857142,0.0
Jehu Rudeforth,India,Baker's Choco Chips,2022-06-06,2086,74,2022,6,6,Monday,0,23,2,0,28.18918918918919,6,2,13,302.0,59.0,156.57142857142858,0.0
Dotty Strutley,Australia,Baker's Choco Chips,2022-06-07,3605,68,2022,6,7,Tuesday,1,23,2,0,53.01470588235294,6,0,8,74.0,47.0,159.57142857142858,0.0
Rafaelita Blaksland,USA,Baker's Choco Chips,2022-06-09,2863,58,2022,6,9,Thursday,3,23,2,0,49.36206896551724,6,5,21,68.0,135.0,148.57142857142858,0.0
Marney O'Breen,UK,Baker's Choco Chips,2022-06-10,252,154,2022,6,10,Friday,4,23,2,0,1.6363636363636365,6,4,19,58.0,32.0,166.0,0.0
Van Tuxwell,India,Baker's Choco Chips,2022-06-20,3052,447,2022,6,20,Monday,0,25,2,0,6.827740492170022,6,2,23,154.0,409.0,171.42857142857142,190.0
Kelci Walkden,New Zealand,Baker's Choco Chips,2022-06-23,2912,110,2022,6,23,Thursday,3,25,2,0,26.472727272727273,6,3,16,447.0,97.0,173.28571428571428,186.6
Brien Boise,New Zealand,Baker's Choco Chips,2022-07-12,5978,24,2022,7,12,Tuesday,1,28,3,0,249.08333333333334,6,3,3,110.0,302.0,133.57142857142858,184.23333333333332
Jan Morforth,India,Baker's Choco Chips,2022-08-01,13727,79,2022,8,1,Monday,0,31,3,0,173.7594936708861,6,2,12,24.0,74.0,134.28571428571428,172.83333333333334
Beverie Moffet,New Zealand,Baker's Choco Chips,2022-08-03,1372,144,2022,8,3,Wednesday,2,31,3,0,9.527777777777779,6,3,2,79.0,68.0,145.14285714285714,174.26666666666668
Beverie Moffet,Australia,Baker's Choco Chips,2022-08-04,3192,109,2022,8,4,Thursday,3,31,3,0,29.28440366972477,6,0,2,144.0,58.0,152.42857142857142,168.73333333333332
Andria Kimpton,Australia,Baker's Choco Chips,2022-08-09,329,109,2022,8,9,Tuesday,1,32,3,0,3.018348623853211,6,0,0,109.0,154.0,146.0,167.23333333333332
Dennison Crosswaite,USA,Baker's Choco Chips,2022-08-11,17465,271,2022,8,11,Thursday,3,32,3,0,64.44649446494465,6,5,7,109.0,447.0,120.85714285714286,175.96666666666667
Oby Sorrel,USA,Baker's Choco Chips,2022-08-12,8001,120,2022,8,12,Friday,4,32,3,0,66.675,6,5,20,271.0,110.0,122.28571428571429,178.4
Barr Faughny,India,Baker's Choco Chips,2022-08-18,6454,141,2022,8,18,Thursday,3,33,3,0,45.773049645390074,6,2,1,120.0,24.0,139.0,177.43333333333334
Rafaelita Blaksland,Australia,Baker's Choco Chips,2022-08-22,2786,51,2022,8,22,Monday,0,34,3,0,54.627450980392155,6,0,21,141.0,79.0,135.0,166.16666666666666
Madelene Upcott,USA,Baker's Choco Chips,2022-08-22,5621,140,2022,8,22,Monday,0,34,3,0,40.15,6,5,17,51.0,144.0,134.42857142857142,163.66666666666666
Andria Kimpton,Canada,Caramel Stuffed Bars,2022-01-03,7154,348,2022,1,3,Monday,0,1,1,0,20.557471264367816,7,1,0,0.0,0.0,0.0,0.0
Barr Faughny,India,Caramel Stuffed Bars,2022-01-04,6566,99,2022,1,4,Tuesday,1,1,1,0,66.32323232323232,7,2,1,348.0,0.0,0.0,0.0
Wilone O'Kielt,India,Caramel Stuffed Bars,2022-01-13,4179,276,2022,1,13,Thursday,3,2,1,0,15.141304347826088,7,2,24,99.0,0.0,0.0,0.0
Ches Bonnell,Australia,Caramel Stuffed Bars,2022-01-17,8757,162,2022,1,17,Monday,0,3,1,0,54.05555555555556,7,0,5,276.0,0.0,0.0,0.0
Husein Augar,New Zealand,Caramel Stuffed Bars,2022-01-27,497,475,2022,1,27,Thursday,3,4,1,0,1.0463157894736843,7,3,11,162.0,0.0,0.0,0.0
Karlen McCaffrey,New Zealand,Caramel Stuffed Bars,2022-01-31,5334,227,2022,1,31,Monday,0,5,1,0,23.497797356828194,7,3,15,475.0,0.0,0.0,0.0
Madelene Upcott,New Zealand,Caramel Stuffed Bars,2022-02-01,3374,151,2022,2,1,Tuesday,1,5,1,0,22.344370860927153,7,3,17,227.0,0.0,248.28571428571428,0.0
Van Tuxwell,USA,Caramel Stuffed Bars,2022-02-14,987,21,2022,2,14,Monday,0,7,1,0,47.0,7,5,23,151.0,348.0,201.57142857142858,0.0
Curtice Advani,Australia,Caramel Stuffed Bars,2022-02-14,9114,140,2022,2,14,Monday,0,7,1,0,65.1,7,0,6,21.0,99.0,207.42857142857142,0.0
Marney O'Breen,Canada,Caramel Stuffed Bars,2022-02-23,1372,614,2022,2,23,Wednesday,2,8,1,0,2.234527687296417,7,1,19,140.0,276.0,255.71428571428572,0.0
Brien Boise,India,Caramel Stuffed Bars,2022-02-25,1540,100,2022,2,25,Friday,4,8,1,0,15.4,7,2,3,614.0,162.0,246.85714285714286,0.0
Karlen McCaffrey,Canada,Caramel Stuffed Bars,2022-03-02,3346,304,2022,3,2,Wednesday,2,9,1,0,11.006578947368421,7,1,15,100.0,475.0,222.42857142857142,0.0
Brien Boise,UK,Caramel Stuffed Bars,2022-03-04,2681,149,2022,3,4,Friday,4,9,1,0,17.993288590604028,7,4,3,304.0,227.0,211.28571428571428,0.0
Kelci Walkden,India,Caramel Stuffed Bars,2022-03-16,476,125,2022,3,16,Wednesday,2,11,1,0,3.808,7,2,16,149.0,151.0,207.57142857142858,0.0
Marney O'Breen,India,Caramel Stuffed Bars,2022-03-16,4361,81,2022,3,16,Wednesday,2,11,1,0,53.839506172839506,7,2,19,125.0,21.0,216.14285714285714,0.0
Barr Faughny,USA,Caramel Stuffed Bars,2022-03-29,3318,299,2022,3,29,Tuesday,1,13,1,0,11.096989966555183,7,5,1,81.0,140.0,238.85714285714286,0.0
Wilone O'Kielt,Australia,Caramel Stuffed Bars,2022-04-14,2030,11,2022,4,14,Thursday,3,15,2,0,184.54545454545453,7,0,24,299.0,614.0,152.71428571428572,0.0
Husein Augar,UK,Caramel Stuffed Bars,2022-04-15,14938,433,2022,4,15,Friday,4,15,2,0,34.49884526558891,7,4,11,11.0,100.0,200.28571428571428,0.0
Madelene Upcott,UK,Caramel Stuffed Bars,2022-04-15,161,145,2022,4,15,Friday,4,15,2,0,1.110344827586207,7,4,17,433.0,304.0,177.57142857142858,0.0
Dotty Strutley,USA,Caramel Stuffed Bars,2022-04-15,16982,76,2022,4,15,Friday,4,15,2,0,223.44736842105263,7,5,8,145.0,149.0,167.14285714285714,0.0
Camilla Castle,Australia,Caramel Stuffed Bars,2022-05-02,3178,16,2022,5,2,Monday,0,18,2,0,198.625,7,0,4,76.0,125.0,151.57142857142858,0.0
Andria Kimpton,USA,Caramel Stuffed Bars,2022-05-02,8393,46,2022,5,2,Monday,0,18,2,0,182.45652173913044,7,5,0,16.0,81.0,146.57142857142858,0.0
Van Tuxwell,Australia,Caramel Stuffed Bars,2022-05-17,5936,59,2022,5,17,Tuesday,1,20,2,0,100.61016949152543,7,0,23,46.0,299.0,112.28571428571429,0.0
Rafaelita Blaksland,New Zealand,Caramel Stuffed Bars,2022-05-20,13083,14,2022,5,20,Friday,4,20,2,0,934.5,7,3,21,59.0,11.0,112.71428571428571,0.0
Kaine Padly,UK,Caramel Stuffed Bars,2022-05-20,10192,67,2022,5,20,Friday,4,20,2,0,152.11940298507463,7,4,14,14.0,433.0,60.42857142857143,0.0
Roddy Speechley,India,Caramel Stuffed Bars,2022-05-30,8911,543,2022,5,30,Monday,0,22,2,0,16.410681399631677,7,2,22,67.0,145.0,117.28571428571429,0.0
Ches Bonnell,UK,Caramel Stuffed Bars,2022-06-02,2926,300,2022,6,2,Thursday,3,22,2,0,9.753333333333334,7,4,5,543.0,76.0,149.28571428571428,0.0
Andria Kimpton,UK,Caramel Stuffed Bars,2022-06-07,7924,275,2022,6,7,Tuesday,1,23,2,0,28.814545454545456,7,4,0,300.0,16.0,186.28571428571428,0.0
Mallorie Waber,Canada,Caramel Stuffed Bars,2022-06-10,4844,539,2022,6,10,Friday,4,23,2,0,8.987012987012987,7,1,18,275.0,46.0,256.7142857142857,0.0
Ches Bonnell,India,Caramel Stuffed Bars,2022-06-15,6839,56,2022,6,15,Wednesday,2,24,2,0,122.125,7,2,5,539.0,59.0,256.2857142857143,205.03333333333333
Camilla Castle,New Zealand,Caramel Stuffed Bars,2022-06-17,4137,347,2022,6,17,Friday,4,24,2,0,11.922190201729107,7,3,4,56.0,14.0,303.85714285714283,205.0
Ches Bonnell,New Zealand,Caramel Stuffed Bars,2022-06-30,7588,42,2022,6,30,Thursday,3,26,2,0,180.66666666666666,7,3,5,347.0,67.0,300.2857142857143,203.1
Jan Morforth,India,Caramel Stuffed Bars,2022-07-04,84,153,2022,7,4,Monday,0,27,3,0,0.5490196078431373,7,2,12,42.0,543.0,244.57142857142858,199.0
Gigi Bohling,Australia,Caramel Stuffed Bars,2022-07-08,8001,151,2022,7,8,Friday,4,27,3,0,52.98675496688742,7,0,9,153.0,300.0,223.28571428571428,198.63333333333333
Dennison Crosswaite,USA,Caramel Stuffed Bars,2022-07-11,2317,464,2022,7,11,Monday,0,28,3,0,4.993534482758621,7,5,7,151.0,275.0,250.28571428571428,198.26666666666668
Marney O'Breen,UK,Caramel Stuffed Bars,2022-07-19,3549,112,2022,7,19,Tuesday,1,29,3,0,31.6875,7,4,19,464.0,539.0,189.28571428571428,194.43333333333334
Kaine Padly,USA,Caramel Stuffed Bars,2022-07-21,5593,122,2022,7,21,Thursday,3,29,3,0,45.84426229508197,7,5,14,112.0,56.0,198.71428571428572,193.46666666666667
Gunar Cockshoot,India,Caramel Stuffed Bars,2022-07-28,2471,202,2022,7,28,Thursday,3,30,3,0,12.232673267326733,7,2,10,122.0,347.0,178.0,199.5
Barr Faughny,Australia,Caramel Stuffed Bars,2022-07-29,2933,55,2022,7,29,Friday,4,30,3,0,53.32727272727273,7,0,1,202.0,42.0,179.85714285714286,196.66666666666666
Rafaelita Blaksland,Canada,Caramel Stuffed Bars,2022-08-01,7119,101,2022,8,1,Monday,0,31,3,0,70.48514851485149,7,1,21,55.0,153.0,172.42857142857142,179.56666666666666
Jan Morforth,Canada,Caramel Stuffed Bars,2022-08-02,9541,114,2022,8,2,Tuesday,1,31,3,0,83.69298245614036,7,1,12,101.0,151.0,167.14285714285714,180.03333333333333
Jan Morforth,UK,Caramel Stuffed Bars,2022-08-02,3094,468,2022,8,2,Tuesday,1,31,3,0,6.611111111111111,7,4,12,114.0,464.0,167.71428571428572,185.5
Dotty Strutley,UK,Caramel Stuffed Bars,2022-08-10,5768,235,2022,8,10,Wednesday,2,32,3,0,24.54468085106383,7,4,8,468.0,112.0,185.28571428571428,188.36666666666667
Dotty Strutley,New Zealand,Choco Coated Almonds,2022-01-04,5733,348,2022,1,4,Tuesday,1,1,1,0,16.474137931034484,8,3,8,0.0,0.0,0.0,0.0
Ches Bonnell,USA,Choco Coated Almonds,2022-01-04,14525,92,2022,1,4,Tuesday,1,1,1,0,157.8804347826087,8,5,5,348.0,0.0,0.0,0.0
Dennison Crosswaite,Canada,Choco Coated Almonds,2022-01-13,10479,118,2022,1,13,Thursday,3,2,1,0,88.80508474576271,8,1,7,92.0,0.0,0.0,0.0
Madelene Upcott,India,Choco Coated Almonds,2022-02-11,3500,145,2022,2,11,Friday,4,6,1,0,24.137931034482758,8,2,17,118.0,0.0,0.0,0.0
Oby Sorrel,India,Choco Coated Almonds,2022-02-14,49,363,2022,2,14,Monday,0,7,1,0,0.1349862258953168,8,2,20,145.0,0.0,0.0,0.0
Beverie Moffet,India,Choco Coated Almonds,2022-02-24,3577,261,2022,2,24,Thursday,3,8,1,0,13.704980842911878,8,2,2,363.0,0.0,0.0,0.0
Gigi Bohling,USA,Choco Coated Almonds,2022-03-02,12313,103,2022,3,2,Wednesday,2,9,1,0,119.54368932038835,8,5,9,261.0,0.0,204.28571428571428,0.0
Husein Augar,UK,Choco Coated Almonds,2022-03-02,4333,43,2022,3,2,Wednesday,2,9,1,0,100.76744186046511,8,4,11,103.0,348.0,160.71428571428572,0.0
Beverie Moffet,UK,Choco Coated Almonds,2022-03-04,3010,69,2022,3,4,Friday,4,9,1,0,43.6231884057971,8,4,2,43.0,92.0,157.42857142857142,0.0
Oby Sorrel,UK,Choco Coated Almonds,2022-03-17,9324,41,2022,3,17,Thursday,3,11,1,0,227.41463414634146,8,4,20,69.0,118.0,146.42857142857142,0.0
Mallorie Waber,Australia,Choco Coated Almonds,2022-03-18,15750,92,2022,3,18,Friday,4,11,1,0,171.19565217391303,8,0,18,41.0,145.0,138.85714285714286,0.0
Ches Bonnell,India,Choco Coated Almonds,2022-04-05,9625,78,2022,4,5,Tuesday,1,14,2,0,123.3974358974359,8,2,5,92.0,363.0,98.14285714285714,0.0
Madelene Upcott,Australia,Choco Coated Almonds,2022-04-08,2058,72,2022,4,8,Friday,4,14,2,0,28.583333333333332,8,0,17,78.0,261.0,71.14285714285714,0.0
Ches Bonnell,Australia,Choco Coated Almonds,2022-04-08,1470,167,2022,4,8,Friday,4,14,2,0,8.802395209580839,8,0,5,72.0,103.0,80.28571428571429,0.0
Van Tuxwell,India,Choco Coated Almonds,2022-04-13,5733,114,2022,4,13,Wednesday,2,15,2,0,50.28947368421053,8,2,23,167.0,43.0,90.42857142857143,0.0
Dotty Strutley,Australia,Choco Coated Almonds,2022-04-13,1645,284,2022,4,13,Wednesday,2,15,2,0,5.792253521126761,8,0,8,114.0,69.0,121.14285714285714,0.0
Jehu Rudeforth,UK,Choco Coated Almonds,2022-04-22,4270,185,2022,4,22,Friday,4,16,2,0,23.08108108108108,8,4,13,284.0,41.0,141.71428571428572,0.0
Roddy Speechley,Canada,Choco Coated Almonds,2022-05-11,5873,249,2022,5,11,Wednesday,2,19,2,0,23.586345381526105,8,1,22,185.0,92.0,164.14285714285714,0.0
Kaine Padly,Canada,Choco Coated Almonds,2022-05-18,3164,164,2022,5,18,Wednesday,2,20,2,0,19.29268292682927,8,1,14,249.0,78.0,176.42857142857142,0.0
Madelene Upcott,UK,Choco Coated Almonds,2022-05-24,10164,134,2022,5,24,Tuesday,1,21,2,0,75.85074626865672,8,4,17,164.0,72.0,185.28571428571428,0.0
Kelci Walkden,UK,Choco Coated Almonds,2022-05-24,9506,212,2022,5,24,Tuesday,1,21,2,0,44.839622641509436,8,4,16,134.0,167.0,191.71428571428572,0.0
Brien Boise,Australia,Choco Coated Almonds,2022-05-25,5124,62,2022,5,25,Wednesday,2,21,2,0,82.64516129032258,8,0,3,212.0,114.0,184.28571428571428,0.0
Wilone O'Kielt,USA,Choco Coated Almonds,2022-06-06,9457,6,2022,6,6,Monday,0,23,2,0,1576.1666666666667,8,5,24,62.0,284.0,144.57142857142858,0.0
Rafaelita Blaksland,New Zealand,Choco Coated Almonds,2022-06-07,2093,45,2022,6,7,Tuesday,1,23,2,0,46.51111111111111,8,3,21,6.0,185.0,124.57142857142857,0.0
Ches Bonnell,UK,Choco Coated Almonds,2022-06-07,1687,236,2022,6,7,Tuesday,1,23,2,0,7.148305084745763,8,4,5,45.0,249.0,122.71428571428571,0.0
Madelene Upcott,USA,Choco Coated Almonds,2022-06-07,5446,132,2022,6,7,Tuesday,1,23,2,0,41.25757575757576,8,5,17,236.0,164.0,118.14285714285714,0.0
Gunar Cockshoot,UK,Choco Coated Almonds,2022-06-30,5775,135,2022,6,30,Thursday,3,26,2,0,42.77777777777778,8,4,10,132.0,134.0,118.28571428571429,0.0
Mallorie Waber,Canada,Choco Coated Almonds,2022-07-11,4781,241,2022,7,11,Monday,0,28,3,0,19.83817427385892,8,1,18,135.0,212.0,122.42857142857143,0.0
Madelene Upcott,Canada,Choco Coated Almonds,2022-07-20,3458,294,2022,7,20,Wednesday,2,29,3,0,11.761904761904763,8,1,17,241.0,62.0,155.57142857142858,0.0
Marney O'Breen,Australia,Choco Coated Almonds,2022-07-27,11298,41,2022,7,27,Wednesday,2,30,3,0,275.5609756097561,8,0,19,294.0,6.0,160.57142857142858,150.86666666666667
Gunar Cockshoot,New Zealand,Choco Coated Almonds,2022-08-01,13062,62,2022,8,1,Monday,0,31,3,0,210.67741935483872,8,3,10,41.0,45.0,163.0,141.33333333333334
Kaine Padly,UK,Choco Coated Almonds,2022-08-03,8022,123,2022,8,3,Wednesday,2,31,3,0,65.21951219512195,8,4,14,62.0,236.0,146.85714285714286,142.36666666666667
Jan Morforth,India,Choco Coated Almonds,2022-08-12,2541,134,2022,8,12,Friday,4,32,3,0,18.96268656716418,8,2,12,123.0,132.0,147.14285714285714,142.9
Husein Augar,Canada,Choco Coated Almonds,2022-08-15,3381,408,2022,8,15,Monday,0,33,3,0,8.286764705882353,8,1,11,134.0,135.0,186.14285714285714,151.66666666666666
Curtice Advani,Canada,Choco Coated Almonds,2022-08-18,5859,7,2022,8,18,Thursday,3,33,3,0,837.0,8,1,6,408.0,241.0,152.71428571428572,139.8
Van Tuxwell,Canada,Choco Coated Almonds,2022-08-19,2282,296,2022,8,19,Friday,4,33,3,0,7.70945945945946,8,1,23,7.0,294.0,153.0,140.96666666666667
Marney O'Breen,Canada,Choco Coated Almonds,2022-08-22,2639,406,2022,8,22,Monday,0,34,3,0,6.5,8,1,19,296.0,41.0,205.14285714285714,151.06666666666666
Wilone O'Kielt,India,Choco Coated Almonds,2022-08-22,2933,233,2022,8,22,Monday,0,34,3,0,12.587982832618026,8,2,24,406.0,62.0,229.57142857142858,157.4
Ches Bonnell,Canada,Choco Coated Almonds,2022-08-24,15547,269,2022,8,24,Wednesday,2,34,3,0,57.795539033457246,8,1,5,233.0,123.0,250.42857142857142,164.06666666666666
Dennison Crosswaite,Canada,Drinking Coco,2022-01-10,2702,24,2022,1,10,Monday,0,2,1,0,112.58333333333333,9,1,7,0.0,0.0,0.0,0.0
Dennison Crosswaite,New Zealand,Drinking Coco,2022-01-11,4109,197,2022,1,11,Tuesday,1,2,1,0,20.85786802030457,9,3,7,24.0,0.0,0.0,0.0
Beverie Moffet,New Zealand,Drinking Coco,2022-01-12,1141,518,2022,1,12,Wednesday,2,2,1,0,2.2027027027027026,9,3,2,197.0,0.0,0.0,0.0
Gunar Cockshoot,Australia,Drinking Coco,2022-01-14,2317,195,2022,1,14,Friday,4,2,1,0,11.882051282051282,9,0,10,518.0,0.0,0.0,0.0
Jehu Rudeforth,Australia,Drinking Coco,2022-01-14,2611,65,2022,1,14,Friday,4,2,1,0,40.16923076923077,9,0,13,195.0,0.0,0.0,0.0
Brien Boise,UK,Drinking Coco,2022-01-27,5754,133,2022,1,27,Thursday,3,4,1,0,43.26315789473684,9,4,3,65.0,0.0,0.0,0.0
Kaine Padly,UK,Drinking Coco,2022-01-27,2317,224,2022,1,27,Thursday,3,4,1,0,10.34375,9,4,14,133.0,0.0,193.71428571428572,0.0
Barr Faughny,India,Drinking Coco,2022-01-28,2219,142,2022,1,28,Friday,4,4,1,0,15.626760563380282,9,2,1,224.0,24.0,210.57142857142858,0.0
Jehu Rudeforth,UK,Drinking Coco,2022-02-03,7140,438,2022,2,3,Thursday,3,5,1,0,16.301369863013697,9,4,13,142.0,197.0,245.0,0.0
Curtice Advani,USA,Drinking Coco,2022-02-07,5187,142,2022,2,7,Monday,0,6,1,0,36.528169014084504,9,5,6,438.0,518.0,191.28571428571428,0.0
Ches Bonnell,New Zealand,Drinking Coco,2022-02-16,8302,131,2022,2,16,Wednesday,2,7,1,0,63.37404580152672,9,3,5,142.0,195.0,182.14285714285714,0.0
Jan Morforth,Australia,Drinking Coco,2022-02-18,2821,24,2022,2,18,Friday,4,7,1,0,117.54166666666667,9,0,12,131.0,65.0,176.28571428571428,0.0
Rafaelita Blaksland,Australia,Drinking Coco,2022-02-21,11550,396,2022,2,21,Monday,0,8,1,0,29.166666666666668,9,0,21,24.0,133.0,213.85714285714286,0.0
Roddy Speechley,USA,Drinking Coco,2022-02-21,3003,155,2022,2,21,Monday,0,8,1,0,19.374193548387098,9,5,22,396.0,224.0,204.0,0.0
Camilla Castle,Canada,Drinking Coco,2022-03-03,12481,264,2022,3,3,Thursday,3,9,1,0,47.27651515151515,9,1,4,155.0,142.0,221.42857142857142,0.0
Mallorie Waber,India,Drinking Coco,2022-03-07,3948,142,2022,3,7,Monday,0,10,1,0,27.802816901408452,9,2,18,264.0,438.0,179.14285714285714,0.0
Kelci Walkden,New Zealand,Drinking Coco,2022-03-10,15855,111,2022,3,10,Thursday,3,10,1,0,142.83783783783784,9,3,16,142.0,142.0,174.71428571428572,0.0
Oby Sorrel,USA,Drinking Coco,2022-03-11,7714,44,2022,3,11,Friday,4,10,1,0,175.3181818181818,9,5,20,111.0,131.0,162.28571428571428,0.0
Husein Augar,UK,Drinking Coco,2022-03-14,3003,113,2022,3,14,Monday,0,11,1,0,26.575221238938052,9,4,11,44.0,24.0,175.0,0.0
Marney O'Breen,UK,Drinking Coco,2022-03-29,973,28,2022,3,29,Tuesday,1,13,1,0,34.75,9,4,19,113.0,396.0,122.42857142857143,0.0
Van Tuxwell,UK,Drinking Coco,2022-04-04,5803,136,2022,4,4,Monday,0,14,2,0,42.669117647058826,9,4,23,28.0,155.0,119.71428571428571,0.0
Wilone O'Kielt,Australia,Drinking Coco,2022-04-06,623,283,2022,4,6,Wednesday,2,14,2,0,2.2014134275618376,9,0,24,136.0,264.0,122.42857142857143,0.0
Barr Faughny,Canada,Drinking Coco,2022-04-18,6237,247,2022,4,18,Monday,0,16,2,0,25.251012145748987,9,1,1,283.0,142.0,137.42857142857142,0.0
Kelci Walkden,UK,Drinking Coco,2022-04-20,1792,23,2022,4,20,Wednesday,2,16,2,0,77.91304347826087,9,4,16,247.0,111.0,124.85714285714286,0.0
Kelci Walkden,Australia,Drinking Coco,2022-05-04,1288,60,2022,5,4,Wednesday,2,18,2,0,21.466666666666665,9,0,16,23.0,44.0,127.14285714285714,0.0
Gunar Cockshoot,USA,Drinking Coco,2022-05-09,3843,5,2022,5,9,Monday,0,19,2,0,768.6,9,5,10,60.0,113.0,111.71428571428571,0.0
Dennison Crosswaite,USA,Drinking Coco,2022-05-10,2191,138,2022,5,10,Tuesday,1,19,2,0,15.876811594202898,9,5,7,5.0,28.0,127.42857142857143,0.0
Roddy Speechley,Australia,Drinking Coco,2022-05-12,12565,102,2022,5,12,Thursday,3,19,2,0,123.18627450980392,9,0,22,138.0,136.0,122.57142857142857,0.0
Roddy Speechley,Canada,Drinking Coco,2022-05-17,6776,312,2022,5,17,Tuesday,1,20,2,0,21.71794871794872,9,1,22,102.0,283.0,126.71428571428571,0.0
Wilone O'Kielt,UK,Drinking Coco,2022-05-18,3388,55,2022,5,18,Wednesday,2,20,2,0,61.6,9,4,24,312.0,247.0,99.28571428571429,161.56666666666666
Andria Kimpton,UK,Drinking Coco,2022-05-23,1554,65,2022,5,23,Monday,0,21,2,0,23.907692307692308,9,4,0,55.0,23.0,105.28571428571429,162.93333333333334
Mallorie Waber,UK,Drinking Coco,2022-05-27,3423,100,2022,5,27,Friday,4,21,2,0,34.23,9,4,18,65.0,60.0,111.0,159.7
Karlen McCaffrey,India,Drinking Coco,2022-05-31,4795,233,2022,5,31,Tuesday,1,22,2,0,20.5793991416309,9,2,15,100.0,5.0,143.57142857142858,150.2
Roddy Speechley,India,Drinking Coco,2022-05-31,4494,11,2022,5,31,Tuesday,1,22,2,0,408.54545454545456,9,2,22,233.0,138.0,125.42857142857143,144.06666666666666
Brien Boise,New Zealand,Drinking Coco,2022-06-06,1582,100,2022,6,6,Monday,0,23,2,0,15.82,9,3,3,11.0,102.0,125.14285714285714,145.23333333333332
Wilone O'Kielt,USA,Drinking Coco,2022-06-14,1029,98,2022,6,14,Tuesday,1,24,2,0,10.5,9,5,24,100.0,312.0,94.57142857142857,144.06666666666666
Van Tuxwell,Canada,Drinking Coco,2022-06-15,4900,709,2022,6,15,Wednesday,2,24,2,0,6.91114245416079,9,1,23,98.0,55.0,188.0,160.23333333333332
Rafaelita Blaksland,USA,Drinking Coco,2022-06-20,8526,73,2022,6,20,Monday,0,25,2,0,116.79452054794521,9,5,21,709.0,65.0,189.14285714285714,157.93333333333334
Andria Kimpton,Australia,Drinking Coco,2022-06-28,1603,48,2022,6,28,Tuesday,1,26,2,0,33.395833333333336,9,0,0,73.0,100.0,181.71428571428572,144.93333333333334
Karlen McCaffrey,USA,Drinking Coco,2022-06-29,112,223,2022,6,29,Wednesday,2,26,2,0,0.5022421524663677,9,5,15,48.0,233.0,180.28571428571428,147.63333333333333
Gigi Bohling,UK,Drinking Coco,2022-06-30,5782,42,2022,6,30,Thursday,3,26,2,0,137.66666666666666,9,4,9,223.0,11.0,184.71428571428572,144.66666666666666
Kelci Walkden,India,Drinking Coco,2022-07-04,7532,234,2022,7,4,Monday,0,27,3,0,32.18803418803419,9,2,16,42.0,100.0,203.85714285714286,151.66666666666666
Beverie Moffet,Canada,Drinking Coco,2022-07-05,994,118,2022,7,5,Tuesday,1,27,3,0,8.423728813559322,9,1,2,234.0,98.0,206.71428571428572,142.4
Gigi Bohling,Canada,Drinking Coco,2022-07-06,3549,82,2022,7,6,Wednesday,2,27,3,0,43.28048780487805,9,1,9,118.0,709.0,117.14285714285714,139.96666666666667
Rafaelita Blaksland,Canada,Drinking Coco,2022-07-12,9884,200,2022,7,12,Tuesday,1,28,3,0,49.42,9,1,21,82.0,73.0,135.28571428571428,137.83333333333334
Curtice Advani,UK,Drinking Coco,2022-07-12,455,174,2022,7,12,Tuesday,1,28,3,0,2.6149425287356323,9,4,6,200.0,48.0,153.28571428571428,138.9
Dennison Crosswaite,Australia,Drinking Coco,2022-07-13,7091,194,2022,7,13,Wednesday,2,28,3,0,36.55154639175258,9,0,7,174.0,223.0,149.14285714285714,141.66666666666666
Jehu Rudeforth,Canada,Drinking Coco,2022-07-15,441,24,2022,7,15,Friday,4,28,3,0,18.375,9,1,13,194.0,42.0,146.57142857142858,141.0
Beverie Moffet,India,Drinking Coco,2022-07-15,6055,46,2022,7,15,Friday,4,28,3,0,131.6304347826087,9,2,2,24.0,234.0,119.71428571428571,138.76666666666668
Dotty Strutley,Australia,Drinking Coco,2022-07-19,91,135,2022,7,19,Tuesday,1,29,3,0,0.674074074074074,9,0,8,46.0,118.0,122.14285714285714,142.33333333333334
Oby Sorrel,India,Drinking Coco,2022-07-21,16380,130,2022,7,21,Thursday,3,29,3,0,126.0,9,2,20,135.0,82.0,129.0,142.13333333333333
Kelci Walkden,USA,Drinking Coco,2022-07-26,6454,160,2022,7,26,Tuesday,1,30,3,0,40.3375,9,5,16,130.0,200.0,123.28571428571429,138.03333333333333
Gigi Bohling,Australia,Drinking Coco,2022-07-27,2807,139,2022,7,27,Wednesday,2,30,3,0,20.194244604316548,9,0,9,160.0,174.0,118.28571428571429,134.43333333333334
Brien Boise,Australia,Drinking Coco,2022-07-27,6832,156,2022,7,27,Wednesday,2,30,3,0,43.794871794871796,9,0,3,139.0,194.0,112.85714285714286,138.86666666666667
Karlen McCaffrey,New Zealand,Drinking Coco,2022-07-28,168,156,2022,7,28,Thursday,3,30,3,0,1.0769230769230769,9,3,15,156.0,24.0,131.71428571428572,142.06666666666666
Camilla Castle,India,Drinking Coco,2022-08-08,469,163,2022,8,8,Monday,0,32,3,0,2.8773006134969323,9,2,4,156.0,46.0,148.42857142857142,147.33333333333334
Jan Morforth,India,Eclairs,2022-01-05,2541,27,2022,1,5,Wednesday,2,1,1,0,94.11111111111111,10,2,12,0.0,0.0,0.0,0.0
Ches Bonnell,Canada,Eclairs,2022-01-10,1876,172,2022,1,10,Monday,0,2,1,0,10.906976744186046,10,1,5,27.0,0.0,0.0,0.0
Mallorie Waber,Canada,Eclairs,2022-01-13,1442,286,2022,1,13,Thursday,3,2,1,0,5.041958041958042,10,1,18,172.0,0.0,0.0,0.0
Marney O'Breen,India,Eclairs,2022-01-13,3472,96,2022,1,13,Thursday,3,2,1,0,36.166666666666664,10,2,19,286.0,0.0,0.0,0.0
Husein Augar,Canada,Eclairs,2022-01-17,3696,233,2022,1,17,Monday,0,3,1,0,15.86266094420601,10,1,11,96.0,0.0,0.0,0.0
Marney O'Breen,New Zealand,Eclairs,2022-01-18,4914,31,2022,1,18,Tuesday,1,3,1,0,158.51612903225808,10,3,19,233.0,0.0,0.0,0.0
Kaine Padly,New Zealand,Eclairs,2022-01-20,12894,48,2022,1,20,Thursday,3,3,1,0,268.625,10,3,14,31.0,0.0,127.57142857142857,0.0
Kelci Walkden,UK,Eclairs,2022-01-25,4606,57,2022,1,25,Tuesday,1,4,1,0,80.80701754385964,10,4,16,48.0,27.0,131.85714285714286,0.0
Karlen McCaffrey,UK,Eclairs,2022-01-25,7798,196,2022,1,25,Tuesday,1,4,1,0,39.785714285714285,10,4,15,57.0,172.0,135.28571428571428,0.0
Dotty Strutley,Australia,Eclairs,2022-01-26,6979,3,2022,1,26,Wednesday,2,4,1,0,2326.3333333333335,10,0,8,196.0,286.0,94.85714285714286,0.0
Rafaelita Blaksland,New Zealand,Eclairs,2022-02-07,19481,51,2022,2,7,Monday,0,6,1,0,381.98039215686276,10,3,21,3.0,96.0,88.42857142857143,0.0
Husein Augar,India,Eclairs,2022-02-09,4956,58,2022,2,9,Wednesday,2,6,1,0,85.44827586206897,10,2,11,51.0,233.0,63.42857142857143,0.0
Jehu Rudeforth,India,Eclairs,2022-02-24,8771,127,2022,2,24,Thursday,3,8,1,0,69.06299212598425,10,2,13,58.0,31.0,77.14285714285714,0.0
Wilone O'Kielt,India,Eclairs,2022-02-25,3549,76,2022,2,25,Friday,4,8,1,0,46.69736842105263,10,2,24,127.0,48.0,81.14285714285714,0.0
Kaine Padly,Australia,Eclairs,2022-02-28,7672,115,2022,2,28,Monday,0,9,1,0,66.71304347826087,10,0,14,76.0,57.0,89.42857142857143,0.0
Van Tuxwell,New Zealand,Eclairs,2022-03-01,5229,182,2022,3,1,Tuesday,1,9,1,0,28.73076923076923,10,3,23,115.0,196.0,87.42857142857143,0.0
Roddy Speechley,Canada,Eclairs,2022-03-08,6237,88,2022,3,8,Tuesday,1,10,1,0,70.875,10,1,22,182.0,3.0,99.57142857142857,0.0
Wilone O'Kielt,New Zealand,Eclairs,2022-03-11,3311,22,2022,3,11,Friday,4,10,1,0,150.5,10,3,24,88.0,51.0,95.42857142857143,0.0
Dennison Crosswaite,Canada,Eclairs,2022-03-15,455,45,2022,3,15,Tuesday,1,11,1,0,10.11111111111111,10,1,7,22.0,58.0,93.57142857142857,0.0
Madelene Upcott,USA,Eclairs,2022-03-18,8883,200,2022,3,18,Friday,4,11,1,0,44.415,10,5,17,45.0,127.0,104.0,0.0
Mallorie Waber,USA,Eclairs,2022-03-22,6328,51,2022,3,22,Tuesday,1,12,1,0,124.07843137254902,10,5,18,200.0,76.0,100.42857142857143,0.0
Kelci Walkden,Australia,Eclairs,2022-03-23,7273,547,2022,3,23,Wednesday,2,12,1,0,13.296160877513712,10,0,16,51.0,115.0,162.14285714285714,0.0
Dennison Crosswaite,UK,Eclairs,2022-03-24,6188,270,2022,3,24,Thursday,3,12,1,0,22.918518518518518,10,4,7,547.0,182.0,174.71428571428572,0.0
Curtice Advani,Australia,Eclairs,2022-03-25,5796,55,2022,3,25,Friday,4,12,1,0,105.38181818181818,10,0,6,270.0,88.0,170.0,0.0
Barr Faughny,New Zealand,Eclairs,2022-03-28,6713,31,2022,3,28,Monday,0,13,1,0,216.5483870967742,10,3,1,55.0,22.0,171.28571428571428,0.0
Ches Bonnell,New Zealand,Eclairs,2022-04-04,490,49,2022,4,4,Monday,0,14,2,0,10.0,10,3,5,31.0,45.0,171.85714285714286,0.0
Mallorie Waber,India,Eclairs,2022-04-12,10437,46,2022,4,12,Tuesday,1,15,2,0,226.8913043478261,10,2,18,49.0,200.0,149.85714285714286,0.0
Gigi Bohling,Australia,Eclairs,2022-04-12,7252,136,2022,4,12,Tuesday,1,15,2,0,53.3235294117647,10,0,9,46.0,51.0,162.0,0.0
Gunar Cockshoot,UK,Eclairs,2022-04-13,3619,164,2022,4,13,Wednesday,2,15,2,0,22.067073170731707,10,4,10,136.0,547.0,107.28571428571429,0.0
Kelci Walkden,India,Eclairs,2022-04-19,5334,80,2022,4,19,Tuesday,1,16,2,0,66.675,10,2,16,164.0,270.0,80.14285714285714,118.06666666666666
Karlen McCaffrey,Canada,Eclairs,2022-04-20,3479,358,2022,4,20,Wednesday,2,16,2,0,9.717877094972067,10,1,15,80.0,55.0,123.42857142857143,129.1
Beverie Moffet,UK,Eclairs,2022-04-22,8463,155,2022,4,22,Friday,4,16,2,0,54.6,10,4,2,358.0,31.0,141.14285714285714,128.53333333333333
Roddy Speechley,USA,Eclairs,2022-04-25,3990,155,2022,4,25,Monday,0,17,2,0,25.741935483870968,10,5,22,155.0,49.0,156.28571428571428,124.16666666666667
Rafaelita Blaksland,UK,Eclairs,2022-04-27,1379,70,2022,4,27,Wednesday,2,17,2,0,19.7,10,4,21,155.0,46.0,159.71428571428572,123.3
Brien Boise,India,Eclairs,2022-04-29,1351,61,2022,4,29,Friday,4,17,2,0,22.147540983606557,10,2,3,70.0,136.0,149.0,117.56666666666666
Gunar Cockshoot,USA,Eclairs,2022-05-03,6916,42,2022,5,3,Tuesday,1,18,2,0,164.66666666666666,10,5,10,61.0,164.0,131.57142857142858,117.93333333333334
Karlen McCaffrey,New Zealand,Eclairs,2022-05-06,2597,177,2022,5,6,Friday,4,18,2,0,14.67231638418079,10,3,15,42.0,80.0,145.42857142857142,122.23333333333333
Curtice Advani,Canada,Eclairs,2022-05-06,721,203,2022,5,6,Friday,4,18,2,0,3.5517241379310347,10,1,6,177.0,358.0,123.28571428571429,127.1
Andria Kimpton,India,Eclairs,2022-05-16,2149,84,2022,5,16,Monday,0,20,2,0,25.583333333333332,10,2,0,203.0,155.0,113.14285714285714,123.36666666666666
Oby Sorrel,Canada,Eclairs,2022-05-19,6111,591,2022,5,19,Thursday,3,20,2,0,10.34010152284264,10,1,20,84.0,155.0,175.42857142857142,142.96666666666667
Dennison Crosswaite,USA,Eclairs,2022-05-25,2044,90,2022,5,25,Wednesday,2,21,2,0,22.711111111111112,10,5,7,591.0,70.0,178.28571428571428,144.26666666666668
Beverie Moffet,India,Eclairs,2022-06-09,10325,147,2022,6,9,Thursday,3,23,2,0,70.23809523809524,10,2,2,90.0,61.0,190.57142857142858,147.23333333333332
Roddy Speechley,India,Eclairs,2022-06-10,4382,303,2022,6,10,Friday,4,23,2,0,14.462046204620462,10,2,22,147.0,42.0,227.85714285714286,153.1
Camilla Castle,USA,Eclairs,2022-06-10,4515,392,2022,6,10,Friday,4,23,2,0,11.517857142857142,10,5,4,303.0,177.0,258.57142857142856,163.63333333333333
Beverie Moffet,Australia,Eclairs,2022-06-20,1827,6,2022,6,20,Monday,0,25,2,0,304.5,10,0,2,392.0,203.0,230.42857142857142,160.0
Gigi Bohling,India,Eclairs,2022-06-21,3493,68,2022,6,21,Tuesday,1,25,2,0,51.36764705882353,10,2,9,6.0,84.0,228.14285714285714,156.2
Brien Boise,Australia,Eclairs,2022-06-27,6888,88,2022,6,27,Monday,0,26,2,0,78.27272727272727,10,0,3,68.0,591.0,156.28571428571428,156.2
Van Tuxwell,UK,Eclairs,2022-06-29,5474,109,2022,6,29,Wednesday,2,26,2,0,50.22018348623853,10,4,23,88.0,90.0,159.0,159.1
Husein Augar,Australia,Eclairs,2022-07-04,6993,31,2022,7,4,Monday,0,27,3,0,225.58064516129033,10,0,11,109.0,147.0,142.42857142857142,158.63333333333333
Ches Bonnell,Australia,Eclairs,2022-07-05,4116,128,2022,7,5,Tuesday,1,27,3,0,32.15625,10,0,5,31.0,303.0,117.42857142857143,156.23333333333332
Husein Augar,USA,Eclairs,2022-07-07,4025,112,2022,7,7,Thursday,3,27,3,0,35.9375,10,5,11,128.0,392.0,77.42857142857143,158.26666666666668
Brien Boise,New Zealand,Eclairs,2022-07-11,4690,299,2022,7,11,Monday,0,28,3,0,15.68561872909699,10,3,3,112.0,6.0,119.28571428571429,150.0
Van Tuxwell,India,Eclairs,2022-07-21,10500,106,2022,7,21,Thursday,3,29,3,0,99.05660377358491,10,2,23,299.0,68.0,124.71428571428571,144.53333333333333
Dotty Strutley,India,Eclairs,2022-07-28,2086,384,2022,7,28,Thursday,3,30,3,0,5.432291666666667,10,2,8,106.0,88.0,167.0,155.5
Andria Kimpton,Canada,Eclairs,2022-08-11,308,125,2022,8,11,Thursday,3,32,3,0,2.464,10,1,0,384.0,109.0,169.28571428571428,158.63333333333333
Karlen McCaffrey,USA,Eclairs,2022-08-15,868,125,2022,8,15,Monday,0,33,3,0,6.944,10,5,15,125.0,31.0,182.71428571428572,161.16666666666666
Kaine Padly,USA,Eclairs,2022-08-22,7623,10,2022,8,22,Monday,0,34,3,0,762.3,10,5,14,125.0,128.0,165.85714285714286,159.96666666666667
Mallorie Waber,Australia,Eclairs,2022-08-22,9527,222,2022,8,22,Monday,0,34,3,0,42.914414414414416,10,0,18,10.0,112.0,181.57142857142858,162.83333333333334
Oby Sorrel,India,Eclairs,2022-08-25,5663,322,2022,8,25,Thursday,3,34,3,0,17.58695652173913,10,2,20,222.0,299.0,184.85714285714286,168.1
Husein Augar,UK,Eclairs,2022-08-30,1750,252,2022,8,30,Tuesday,1,35,3,0,6.944444444444445,10,4,11,322.0,106.0,205.71428571428572,173.83333333333334
Madelene Upcott,Australia,Fruit & Nut Bars,2022-01-05,5579,92,2022,1,5,Wednesday,2,1,1,0,60.641304347826086,11,0,17,0.0,0.0,0.0,0.0
Madelene Upcott,UK,Fruit & Nut Bars,2022-01-05,8512,189,2022,1,5,Wednesday,2,1,1,0,45.03703703703704,11,4,17,92.0,0.0,0.0,0.0
Oby Sorrel,Canada,Fruit & Nut Bars,2022-01-14,1869,158,2022,1,14,Friday,4,2,1,0,11.829113924050633,11,1,20,189.0,0.0,0.0,0.0
Van Tuxwell,New Zealand,Fruit & Nut Bars,2022-01-17,2996,88,2022,1,17,Monday,0,3,1,0,34.04545454545455,11,3,23,158.0,0.0,0.0,0.0
Rafaelita Blaksland,USA,Fruit & Nut Bars,2022-01-18,2604,65,2022,1,18,Tuesday,1,3,1,0,40.06153846153846,11,5,21,88.0,0.0,0.0,0.0
Madelene Upcott,New Zealand,Fruit & Nut Bars,2022-01-18,5677,21,2022,1,18,Tuesday,1,3,1,0,270.3333333333333,11,3,17,65.0,0.0,0.0,0.0
Karlen McCaffrey,India,Fruit & Nut Bars,2022-01-26,168,321,2022,1,26,Wednesday,2,4,1,0,0.5233644859813084,11,2,15,21.0,0.0,133.42857142857142,0.0
Barr Faughny,USA,Fruit & Nut Bars,2022-01-28,9058,46,2022,1,28,Friday,4,4,1,0,196.91304347826087,11,5,1,321.0,92.0,126.85714285714286,0.0
Husein Augar,Australia,Fruit & Nut Bars,2022-01-28,7959,53,2022,1,28,Friday,4,4,1,0,150.16981132075472,11,0,11,46.0,189.0,107.42857142857143,0.0
Karlen McCaffrey,New Zealand,Fruit & Nut Bars,2022-02-07,1218,135,2022,2,7,Monday,0,6,1,0,9.022222222222222,11,3,15,53.0,158.0,104.14285714285714,0.0
Beverie Moffet,Canada,Fruit & Nut Bars,2022-02-14,10332,180,2022,2,14,Monday,0,7,1,0,57.4,11,1,2,135.0,88.0,117.28571428571429,0.0
Kelci Walkden,USA,Fruit & Nut Bars,2022-02-17,4816,145,2022,2,17,Thursday,3,7,1,0,33.213793103448275,11,5,16,180.0,65.0,128.71428571428572,0.0
Gunar Cockshoot,USA,Fruit & Nut Bars,2022-03-09,5852,93,2022,3,9,Wednesday,2,10,1,0,62.924731182795696,11,5,10,145.0,21.0,139.0,0.0
Gunar Cockshoot,Canada,Fruit & Nut Bars,2022-03-24,13888,203,2022,3,24,Thursday,3,12,1,0,68.41379310344827,11,1,10,93.0,321.0,122.14285714285714,0.0
Gigi Bohling,New Zealand,Fruit & Nut Bars,2022-04-04,10976,121,2022,4,4,Monday,0,14,2,0,90.7107438016529,11,3,9,203.0,46.0,132.85714285714286,0.0
Curtice Advani,Canada,Fruit & Nut Bars,2022-04-04,4193,195,2022,4,4,Monday,0,14,2,0,21.502564102564104,11,1,6,121.0,53.0,153.14285714285714,0.0
Husein Augar,India,Fruit & Nut Bars,2022-04-04,4340,226,2022,4,4,Monday,0,14,2,0,19.20353982300885,11,2,11,195.0,135.0,166.14285714285714,0.0
Gigi Bohling,UK,Fruit & Nut Bars,2022-04-06,1232,86,2022,4,6,Wednesday,2,14,2,0,14.325581395348838,11,4,9,226.0,180.0,152.71428571428572,0.0
Marney O'Breen,India,Fruit & Nut Bars,2022-04-13,4753,151,2022,4,13,Wednesday,2,15,2,0,31.47682119205298,11,2,19,86.0,145.0,153.57142857142858,0.0
Beverie Moffet,Australia,Fruit & Nut Bars,2022-04-22,1435,258,2022,4,22,Friday,4,16,2,0,5.562015503875969,11,0,2,151.0,93.0,177.14285714285714,0.0
Barr Faughny,New Zealand,Fruit & Nut Bars,2022-04-26,1687,147,2022,4,26,Tuesday,1,17,2,0,11.476190476190476,11,3,1,258.0,203.0,169.14285714285714,0.0
Husein Augar,USA,Fruit & Nut Bars,2022-04-28,1288,27,2022,4,28,Thursday,3,17,2,0,47.7037037037037,11,5,11,147.0,121.0,155.71428571428572,0.0
Jan Morforth,India,Fruit & Nut Bars,2022-05-04,2912,55,2022,5,4,Wednesday,2,18,2,0,52.945454545454545,11,2,12,27.0,195.0,135.71428571428572,0.0
Dennison Crosswaite,USA,Fruit & Nut Bars,2022-05-04,1414,318,2022,5,4,Wednesday,2,18,2,0,4.446540880503145,11,5,7,55.0,226.0,148.85714285714286,0.0
Jehu Rudeforth,UK,Fruit & Nut Bars,2022-05-13,8589,229,2022,5,13,Friday,4,19,2,0,37.506550218340614,11,4,13,318.0,86.0,169.28571428571428,0.0
Gigi Bohling,USA,Fruit & Nut Bars,2022-05-24,2821,112,2022,5,24,Tuesday,1,21,2,0,25.1875,11,5,9,229.0,151.0,163.71428571428572,0.0
Karlen McCaffrey,Canada,Fruit & Nut Bars,2022-06-02,210,16,2022,6,2,Thursday,3,22,2,0,13.125,11,1,15,112.0,258.0,129.14285714285714,0.0
Brien Boise,Australia,Fruit & Nut Bars,2022-06-06,8575,23,2022,6,6,Monday,0,23,2,0,372.82608695652175,11,0,3,16.0,147.0,111.42857142857143,0.0
Gunar Cockshoot,New Zealand,Fruit & Nut Bars,2022-06-10,9205,419,2022,6,10,Friday,4,23,2,0,21.968973747016708,11,3,10,23.0,27.0,167.42857142857142,0.0
Roddy Speechley,USA,Fruit & Nut Bars,2022-06-14,5509,24,2022,6,14,Tuesday,1,24,2,0,229.54166666666666,11,5,22,419.0,55.0,163.0,139.86666666666667
Gigi Bohling,Canada,Fruit & Nut Bars,2022-06-14,5782,103,2022,6,14,Tuesday,1,24,2,0,56.13592233009709,11,1,9,24.0,318.0,132.28571428571428,140.23333333333332
Gunar Cockshoot,Australia,Fruit & Nut Bars,2022-06-15,6013,21,2022,6,15,Wednesday,2,24,2,0,286.3333333333333,11,0,10,103.0,229.0,102.57142857142857,134.63333333333333
Wilone O'Kielt,Australia,Fruit & Nut Bars,2022-06-15,392,102,2022,6,15,Wednesday,2,24,2,0,3.843137254901961,11,0,24,21.0,112.0,101.14285714285714,132.76666666666668
Kaine Padly,Australia,Fruit & Nut Bars,2022-06-20,7434,85,2022,6,20,Monday,0,25,2,0,87.45882352941176,11,0,14,102.0,16.0,111.0,132.66666666666666
Kelci Walkden,Canada,Fruit & Nut Bars,2022-06-20,826,149,2022,6,20,Monday,0,25,2,0,5.543624161073826,11,1,16,85.0,23.0,129.0,135.46666666666667
Curtice Advani,UK,Fruit & Nut Bars,2022-06-24,10927,136,2022,6,24,Friday,4,25,2,0,80.34558823529412,11,4,6,149.0,419.0,88.57142857142857,139.3
Jan Morforth,USA,Fruit & Nut Bars,2022-06-27,4382,361,2022,6,27,Monday,0,26,2,0,12.138504155124654,11,5,12,136.0,24.0,136.71428571428572,140.63333333333333
Kelci Walkden,UK,Fruit & Nut Bars,2022-06-29,13006,482,2022,6,29,Wednesday,2,26,2,0,26.983402489626556,11,4,16,361.0,103.0,190.85714285714286,155.16666666666666
Barr Faughny,Australia,Fruit & Nut Bars,2022-06-30,15421,55,2022,6,30,Thursday,3,26,2,0,280.3818181818182,11,0,1,482.0,21.0,195.71428571428572,155.23333333333332
Van Tuxwell,USA,Fruit & Nut Bars,2022-07-05,6279,235,2022,7,5,Tuesday,1,27,3,0,26.719148936170214,11,5,23,55.0,102.0,214.71428571428572,158.56666666666666
Curtice Advani,India,Fruit & Nut Bars,2022-07-07,5243,176,2022,7,7,Thursday,3,27,3,0,29.789772727272727,11,2,6,235.0,85.0,227.71428571428572,158.43333333333334
Wilone O'Kielt,New Zealand,Fruit & Nut Bars,2022-07-11,6426,98,2022,7,11,Monday,0,28,3,0,65.57142857142857,11,3,24,176.0,149.0,220.42857142857142,156.86666666666667
Dotty Strutley,USA,Fruit & Nut Bars,2022-07-13,2898,276,2022,7,13,Wednesday,2,28,3,0,10.5,11,5,8,98.0,136.0,240.42857142857142,162.96666666666667
Andria Kimpton,USA,Fruit & Nut Bars,2022-07-15,1456,359,2022,7,15,Friday,4,28,3,0,4.055710306406685,11,5,0,276.0,361.0,240.14285714285714,168.16666666666666
Jan Morforth,Canada,Fruit & Nut Bars,2022-07-25,8904,199,2022,7,25,Monday,0,30,3,0,44.743718592964825,11,1,12,359.0,482.0,199.71428571428572,170.76666666666668
Dennison Crosswaite,India,Fruit & Nut Bars,2022-07-29,952,24,2022,7,29,Friday,4,30,3,0,39.666666666666664,11,2,7,199.0,55.0,195.28571428571428,165.06666666666666
Wilone O'Kielt,Canada,Fruit & Nut Bars,2022-08-08,3437,181,2022,8,8,Monday,0,32,3,0,18.988950276243095,11,1,24,24.0,235.0,187.57142857142858,163.56666666666666
Dotty Strutley,Australia,Fruit & Nut Bars,2022-08-23,280,311,2022,8,23,Tuesday,1,34,3,0,0.9003215434083601,11,0,8,181.0,176.0,206.85714285714286,171.06666666666666
Rafaelita Blaksland,Canada,Fruit & Nut Bars,2022-08-24,483,185,2022,8,24,Wednesday,2,34,3,0,2.610810810810811,11,1,21,311.0,98.0,219.28571428571428,172.2
Marney O'Breen,New Zealand,Fruit & Nut Bars,2022-08-25,8939,4,2022,8,25,Thursday,3,34,3,0,2234.75,11,3,19,185.0,276.0,180.42857142857142,163.73333333333332
Kaine Padly,Australia,Manuka Honey Choco,2022-01-12,2765,264,2022,1,12,Wednesday,2,2,1,0,10.473484848484848,12,0,14,0.0,0.0,0.0,0.0
Kaine Padly,UK,Manuka Honey Choco,2022-01-14,7133,118,2022,1,14,Friday,4,2,1,0,60.44915254237288,12,4,14,264.0,0.0,0.0,0.0
Kaine Padly,Canada,Manuka Honey Choco,2022-01-18,10213,135,2022,1,18,Tuesday,1,3,1,0,75.65185185185184,12,1,14,118.0,0.0,0.0,0.0
Oby Sorrel,Australia,Manuka Honey Choco,2022-01-26,3906,76,2022,1,26,Wednesday,2,4,1,0,51.39473684210526,12,0,20,135.0,0.0,0.0,0.0
Karlen McCaffrey,USA,Manuka Honey Choco,2022-02-01,10171,67,2022,2,1,Tuesday,1,5,1,0,151.80597014925374,12,5,15,76.0,0.0,0.0,0.0
Curtice Advani,UK,Manuka Honey Choco,2022-02-07,1666,106,2022,2,7,Monday,0,6,1,0,15.716981132075471,12,4,6,67.0,0.0,0.0,0.0
Kelci Walkden,USA,Manuka Honey Choco,2022-02-16,17318,87,2022,2,16,Wednesday,2,7,1,0,199.05747126436782,12,5,16,106.0,0.0,121.85714285714286,0.0
Van Tuxwell,Canada,Manuka Honey Choco,2022-02-24,8617,46,2022,2,24,Thursday,3,8,1,0,187.32608695652175,12,1,23,87.0,264.0,90.71428571428571,0.0
Barr Faughny,New Zealand,Manuka Honey Choco,2022-02-24,5474,239,2022,2,24,Thursday,3,8,1,0,22.90376569037657,12,3,1,46.0,118.0,108.0,0.0
Mallorie Waber,Canada,Manuka Honey Choco,2022-03-07,1435,112,2022,3,7,Monday,0,10,1,0,12.8125,12,1,18,239.0,135.0,104.71428571428571,0.0
Husein Augar,Australia,Manuka Honey Choco,2022-03-15,7161,92,2022,3,15,Tuesday,1,11,1,0,77.83695652173913,12,0,11,112.0,76.0,107.0,0.0
Camilla Castle,Australia,Manuka Honey Choco,2022-03-17,637,169,2022,3,17,Thursday,3,11,1,0,3.769230769230769,12,0,4,92.0,67.0,121.57142857142857,0.0
Camilla Castle,USA,Manuka Honey Choco,2022-03-21,16401,179,2022,3,21,Monday,0,12,1,0,91.62569832402235,12,5,4,169.0,106.0,132.0,0.0
Andria Kimpton,Australia,Manuka Honey Choco,2022-03-30,9744,377,2022,3,30,Wednesday,2,13,1,0,25.846153846153847,12,0,0,179.0,87.0,173.42857142857142,0.0
Marney O'Breen,Australia,Manuka Honey Choco,2022-04-05,13076,236,2022,4,5,Tuesday,1,14,2,0,55.40677966101695,12,0,19,377.0,46.0,200.57142857142858,0.0
Jehu Rudeforth,Canada,Manuka Honey Choco,2022-04-05,3584,200,2022,4,5,Tuesday,1,14,2,0,17.92,12,1,13,236.0,239.0,195.0,0.0
Kelci Walkden,New Zealand,Manuka Honey Choco,2022-04-08,1358,106,2022,4,8,Friday,4,14,2,0,12.81132075471698,12,3,16,200.0,112.0,194.14285714285714,0.0
Mallorie Waber,New Zealand,Manuka Honey Choco,2022-04-13,9436,11,2022,4,13,Wednesday,2,15,2,0,857.8181818181819,12,3,18,106.0,92.0,182.57142857142858,0.0
Dotty Strutley,Canada,Manuka Honey Choco,2022-04-22,11550,111,2022,4,22,Friday,4,16,2,0,104.05405405405405,12,1,8,11.0,169.0,174.28571428571428,0.0
Beverie Moffet,India,Manuka Honey Choco,2022-05-06,9835,167,2022,5,6,Friday,4,18,2,0,58.89221556886228,12,2,2,111.0,179.0,172.57142857142858,0.0
Wilone O'Kielt,Australia,Manuka Honey Choco,2022-05-11,4284,94,2022,5,11,Wednesday,2,19,2,0,45.57446808510638,12,0,24,167.0,377.0,132.14285714285714,0.0
Gigi Bohling,India,Manuka Honey Choco,2022-05-12,4935,73,2022,5,12,Thursday,3,19,2,0,67.6027397260274,12,2,9,94.0,236.0,108.85714285714286,0.0
Curtice Advani,India,Manuka Honey Choco,2022-05-23,1547,170,2022,5,23,Monday,0,21,2,0,9.1,12,2,6,73.0,200.0,104.57142857142857,0.0
Ches Bonnell,UK,Manuka Honey Choco,2022-05-30,4221,395,2022,5,30,Monday,0,22,2,0,10.686075949367089,12,4,5,170.0,106.0,145.85714285714286,0.0
Van Tuxwell,USA,Manuka Honey Choco,2022-05-31,2317,102,2022,5,31,Tuesday,1,22,2,0,22.715686274509803,12,5,23,395.0,11.0,158.85714285714286,0.0
Marney O'Breen,UK,Manuka Honey Choco,2022-06-10,10983,179,2022,6,10,Friday,4,23,2,0,61.357541899441344,12,4,19,102.0,111.0,168.57142857142858,0.0
Brien Boise,New Zealand,Manuka Honey Choco,2022-06-14,14980,42,2022,6,14,Tuesday,1,24,2,0,356.6666666666667,12,3,3,179.0,167.0,150.71428571428572,0.0
Dennison Crosswaite,New Zealand,Manuka Honey Choco,2022-06-15,5061,301,2022,6,15,Wednesday,2,24,2,0,16.813953488372093,12,3,7,42.0,94.0,180.28571428571428,0.0
Mallorie Waber,UK,Manuka Honey Choco,2022-06-15,8379,43,2022,6,15,Wednesday,2,24,2,0,194.86046511627907,12,4,18,301.0,73.0,176.0,0.0
Gunar Cockshoot,UK,Manuka Honey Choco,2022-06-27,6762,46,2022,6,27,Monday,0,26,2,0,147.0,12,4,10,43.0,170.0,158.28571428571428,144.76666666666668
Gigi Bohling,New Zealand,Manuka Honey Choco,2022-06-28,8267,272,2022,6,28,Tuesday,1,26,2,0,30.393382352941178,12,3,9,46.0,395.0,140.71428571428572,145.03333333333333
Brien Boise,UK,Manuka Honey Choco,2022-06-28,70,103,2022,6,28,Tuesday,1,26,2,0,0.6796116504854369,12,4,3,272.0,102.0,140.85714285714286,144.53333333333333
Karlen McCaffrey,India,Manuka Honey Choco,2022-07-04,2443,581,2022,7,4,Monday,0,27,3,0,4.204819277108434,12,2,15,103.0,179.0,198.28571428571428,159.4
Mallorie Waber,USA,Manuka Honey Choco,2022-07-04,5425,96,2022,7,4,Monday,0,27,3,0,56.510416666666664,12,5,18,581.0,42.0,206.0,160.06666666666666
Wilone O'Kielt,New Zealand,Manuka Honey Choco,2022-07-11,3724,234,2022,7,11,Monday,0,28,3,0,15.914529914529915,12,3,24,96.0,301.0,196.42857142857142,165.63333333333333
Andria Kimpton,Canada,Manuka Honey Choco,2022-07-21,4858,488,2022,7,21,Thursday,3,29,3,0,9.954918032786885,12,1,0,234.0,43.0,260.0,178.36666666666667
Roddy Speechley,USA,Manuka Honey Choco,2022-07-22,9583,315,2022,7,22,Friday,4,29,3,0,30.42222222222222,12,5,22,488.0,46.0,298.42857142857144,185.96666666666667
Oby Sorrel,USA,Manuka Honey Choco,2022-07-25,4340,86,2022,7,25,Monday,0,30,3,0,50.46511627906977,12,5,20,315.0,272.0,271.85714285714283,187.3
Jan Morforth,New Zealand,Manuka Honey Choco,2022-07-28,1589,271,2022,7,28,Thursday,3,30,3,0,5.863468634686347,12,3,12,86.0,103.0,295.85714285714283,188.36666666666667
Rafaelita Blaksland,Australia,Manuka Honey Choco,2022-08-03,4396,131,2022,8,3,Wednesday,2,31,3,0,33.55725190839695,12,0,21,271.0,581.0,231.57142857142858,189.0
Brien Boise,Canada,Manuka Honey Choco,2022-08-09,6930,182,2022,8,9,Tuesday,1,32,3,0,38.07692307692308,12,1,3,131.0,96.0,243.85714285714286,192.0
Dotty Strutley,USA,Manuka Honey Choco,2022-08-10,273,210,2022,8,10,Wednesday,2,32,3,0,1.3,12,5,8,182.0,234.0,240.42857142857142,193.36666666666667
Jan Morforth,UK,Manuka Honey Choco,2022-08-18,3388,212,2022,8,18,Thursday,3,33,3,0,15.981132075471699,12,4,12,210.0,488.0,201.0,194.46666666666667
Brien Boise,USA,Manuka Honey Choco,2022-08-22,1904,8,2022,8,22,Monday,0,34,3,0,238.0,12,5,3,212.0,315.0,157.14285714285714,182.16666666666666
Barr Faughny,Canada,Manuka Honey Choco,2022-08-25,3402,249,2022,8,25,Thursday,3,34,3,0,13.662650602409638,12,1,1,8.0,86.0,180.42857142857142,182.6
Mallorie Waber,UK,Milk Bars,2022-01-10,3563,284,2022,1,10,Monday,0,2,1,0,12.545774647887324,13,4,18,0.0,0.0,0.0,0.0
Oby Sorrel,New Zealand,Milk Bars,2022-01-12,4494,187,2022,1,12,Wednesday,2,2,1,0,24.032085561497325,13,3,20,284.0,0.0,0.0,0.0
Marney O'Breen,New Zealand,Milk Bars,2022-01-14,7490,315,2022,1,14,Friday,4,2,1,0,23.77777777777778,13,3,19,187.0,0.0,0.0,0.0
Karlen McCaffrey,USA,Milk Bars,2022-01-27,4389,7,2022,1,27,Thursday,3,4,1,0,627.0,13,5,15,315.0,0.0,0.0,0.0
Marney O'Breen,Canada,Milk Bars,2022-02-08,2436,309,2022,2,8,Tuesday,1,6,1,0,7.883495145631068,13,1,19,7.0,0.0,0.0,0.0
Gigi Bohling,Canada,Milk Bars,2022-02-10,3052,116,2022,2,10,Thursday,3,6,1,0,26.310344827586206,13,1,9,309.0,0.0,0.0,0.0
Andria Kimpton,UK,Milk Bars,2022-02-11,14336,293,2022,2,11,Friday,4,6,1,0,48.9283276450512,13,4,0,116.0,0.0,215.85714285714286,0.0
Curtice Advani,Australia,Milk Bars,2022-02-14,6979,18,2022,2,14,Monday,0,7,1,0,387.72222222222223,13,0,6,293.0,284.0,177.85714285714286,0.0
Beverie Moffet,Canada,Milk Bars,2022-02-16,8799,250,2022,2,16,Wednesday,2,7,1,0,35.196,13,1,2,18.0,187.0,186.85714285714286,0.0
Jehu Rudeforth,Canada,Milk Bars,2022-02-21,7203,12,2022,2,21,Monday,0,8,1,0,600.25,13,1,13,250.0,315.0,143.57142857142858,0.0
Brien Boise,India,Milk Bars,2022-02-22,13503,251,2022,2,22,Tuesday,1,8,1,0,53.79681274900398,13,2,3,12.0,7.0,178.42857142857142,0.0
Kelci Walkden,Australia,Milk Bars,2022-02-24,7910,125,2022,2,24,Thursday,3,8,1,0,63.28,13,0,16,251.0,309.0,152.14285714285714,0.0
Roddy Speechley,New Zealand,Milk Bars,2022-03-02,5446,116,2022,3,2,Wednesday,2,9,1,0,46.94827586206897,13,3,22,125.0,116.0,152.14285714285714,0.0
Husein Augar,USA,Milk Bars,2022-03-02,854,56,2022,3,2,Wednesday,2,9,1,0,15.25,13,5,11,116.0,293.0,118.28571428571429,0.0
Barr Faughny,UK,Milk Bars,2022-03-02,3864,430,2022,3,2,Wednesday,2,9,1,0,8.986046511627906,13,4,1,56.0,18.0,177.14285714285714,0.0
Dennison Crosswaite,UK,Milk Bars,2022-03-07,10808,407,2022,3,7,Monday,0,10,1,0,26.555282555282556,13,4,7,430.0,250.0,199.57142857142858,0.0
Jehu Rudeforth,Australia,Milk Bars,2022-03-18,8659,29,2022,3,18,Friday,4,11,1,0,298.58620689655174,13,0,13,407.0,12.0,202.0,0.0
Madelene Upcott,New Zealand,Milk Bars,2022-03-29,12558,403,2022,3,29,Tuesday,1,13,1,0,31.161290322580644,13,3,17,29.0,251.0,223.71428571428572,0.0
Curtice Advani,India,Milk Bars,2022-04-05,3437,201,2022,4,5,Tuesday,1,14,2,0,17.09950248756219,13,2,6,403.0,125.0,234.57142857142858,0.0
Kelci Walkden,India,Milk Bars,2022-04-15,966,107,2022,4,15,Friday,4,15,2,0,9.02803738317757,13,2,16,201.0,116.0,233.28571428571428,0.0
Beverie Moffet,India,Milk Bars,2022-04-15,1869,323,2022,4,15,Friday,4,15,2,0,5.786377708978328,13,2,2,107.0,56.0,271.42857142857144,0.0
Dennison Crosswaite,India,Milk Bars,2022-04-21,1526,96,2022,4,21,Thursday,3,16,2,0,15.895833333333334,13,2,7,323.0,430.0,223.71428571428572,0.0
Madelene Upcott,Canada,Milk Bars,2022-04-26,3612,82,2022,4,26,Tuesday,1,17,2,0,44.048780487804876,13,1,17,96.0,407.0,177.28571428571428,0.0
Kaine Padly,India,Milk Bars,2022-05-02,2905,91,2022,5,2,Monday,0,18,2,0,31.923076923076923,13,2,14,82.0,29.0,186.14285714285714,0.0
Jehu Rudeforth,UK,Milk Bars,2022-05-03,12068,227,2022,5,3,Tuesday,1,18,2,0,53.16299559471366,13,4,13,91.0,403.0,161.0,0.0
Dennison Crosswaite,USA,Milk Bars,2022-05-12,777,60,2022,5,12,Thursday,3,19,2,0,12.95,13,5,7,227.0,201.0,140.85714285714286,0.0
Roddy Speechley,USA,Milk Bars,2022-05-16,2807,252,2022,5,16,Monday,0,20,2,0,11.13888888888889,13,5,22,60.0,107.0,161.57142857142858,0.0
Gigi Bohling,UK,Milk Bars,2022-05-17,1365,232,2022,5,17,Tuesday,1,20,2,0,5.883620689655173,13,4,9,252.0,323.0,148.57142857142858,0.0
Jehu Rudeforth,New Zealand,Milk Bars,2022-05-18,2478,188,2022,5,18,Wednesday,2,20,2,0,13.180851063829786,13,3,13,232.0,96.0,161.71428571428572,0.0
Beverie Moffet,Australia,Milk Bars,2022-05-25,735,390,2022,5,25,Wednesday,2,21,2,0,1.8846153846153846,13,0,2,188.0,82.0,205.71428571428572,195.23333333333332
Kaine Padly,Australia,Milk Bars,2022-06-09,4046,89,2022,6,9,Thursday,3,23,2,0,45.46067415730337,13,0,14,390.0,91.0,205.42857142857142,188.73333333333332
Dennison Crosswaite,Australia,Milk Bars,2022-06-09,10038,286,2022,6,9,Thursday,3,23,2,0,35.0979020979021,13,0,7,89.0,227.0,213.85714285714286,192.03333333333333
Oby Sorrel,USA,Milk Bars,2022-06-14,1736,79,2022,6,14,Tuesday,1,24,2,0,21.974683544303797,13,5,20,286.0,60.0,216.57142857142858,184.16666666666666
Kaine Padly,USA,Milk Bars,2022-06-15,15491,58,2022,6,15,Wednesday,2,24,2,0,267.08620689655174,13,5,14,79.0,252.0,188.85714285714286,185.86666666666667
Gigi Bohling,USA,Milk Bars,2022-06-16,476,133,2022,6,16,Thursday,3,24,2,0,3.5789473684210527,13,5,9,58.0,232.0,174.71428571428572,180.0
Van Tuxwell,Australia,Milk Bars,2022-06-20,7910,87,2022,6,20,Monday,0,25,2,0,90.91954022988506,13,0,23,133.0,188.0,160.28571428571428,179.03333333333333
Oby Sorrel,Australia,Milk Bars,2022-06-21,7672,254,2022,6,21,Tuesday,1,25,2,0,30.20472440944882,13,0,20,87.0,390.0,140.85714285714286,177.73333333333332
Kelci Walkden,Canada,Milk Bars,2022-07-07,16016,28,2022,7,7,Thursday,3,27,3,0,572.0,13,1,16,254.0,89.0,132.14285714285714,178.06666666666666
Brien Boise,USA,Milk Bars,2022-07-07,14301,130,2022,7,7,Thursday,3,27,3,0,110.00769230769231,13,5,3,28.0,286.0,109.85714285714286,174.06666666666666
Oby Sorrel,UK,Milk Bars,2022-07-11,6468,223,2022,7,11,Monday,0,28,3,0,29.004484304932735,13,4,20,130.0,79.0,130.42857142857142,181.1
Roddy Speechley,Canada,Milk Bars,2022-07-13,609,32,2022,7,13,Wednesday,2,28,3,0,19.03125,13,1,22,223.0,58.0,126.71428571428571,173.8
Wilone O'Kielt,USA,Milk Bars,2022-07-15,5012,93,2022,7,15,Friday,4,28,3,0,53.89247311827957,13,5,24,32.0,133.0,121.0,172.73333333333332
Ches Bonnell,USA,Milk Bars,2022-07-21,2408,157,2022,7,21,Thursday,3,29,3,0,15.337579617834395,13,5,5,93.0,87.0,131.0,174.1
Van Tuxwell,UK,Milk Bars,2022-07-25,4263,90,2022,7,25,Monday,0,30,3,0,47.36666666666667,13,4,23,157.0,254.0,107.57142857142857,175.23333333333332
Brien Boise,Australia,Milk Bars,2022-07-27,1981,52,2022,7,27,Wednesday,2,30,3,0,38.09615384615385,13,0,3,90.0,28.0,111.0,162.63333333333333
Marney O'Breen,Australia,Milk Bars,2022-07-28,2464,387,2022,7,28,Thursday,3,30,3,0,6.366925064599483,13,0,19,52.0,130.0,147.71428571428572,161.96666666666667
Mallorie Waber,Australia,Milk Bars,2022-07-29,2779,104,2022,7,29,Friday,4,30,3,0,26.721153846153847,13,0,18,387.0,223.0,130.71428571428572,164.46666666666667
Ches Bonnell,New Zealand,Milk Bars,2022-08-17,4389,126,2022,8,17,Wednesday,2,33,3,0,34.833333333333336,13,3,5,104.0,32.0,144.14285714285714,155.23333333333332
Wilone O'Kielt,UK,Milk Bars,2022-08-26,301,65,2022,8,26,Friday,4,34,3,0,4.630769230769231,13,4,24,126.0,93.0,140.14285714285714,150.7
Jehu Rudeforth,UK,Mint Chip Choco,2022-01-04,5320,180,2022,1,4,Tuesday,1,1,1,0,29.555555555555557,14,4,13,0.0,0.0,0.0,0.0
Barr Faughny,India,Mint Chip Choco,2022-01-12,7413,465,2022,1,12,Wednesday,2,2,1,0,15.941935483870967,14,2,1,180.0,0.0,0.0,0.0
Van Tuxwell,Australia,Mint Chip Choco,2022-01-13,2674,295,2022,1,13,Thursday,3,2,1,0,9.064406779661017,14,0,23,465.0,0.0,0.0,0.0
Ches Bonnell,New Zealand,Mint Chip Choco,2022-01-18,9058,229,2022,1,18,Tuesday,1,3,1,0,39.55458515283843,14,3,5,295.0,0.0,0.0,0.0
Curtice Advani,New Zealand,Mint Chip Choco,2022-01-26,3220,265,2022,1,26,Wednesday,2,4,1,0,12.150943396226415,14,3,6,229.0,0.0,0.0,0.0
Rafaelita Blaksland,India,Mint Chip Choco,2022-01-26,15491,85,2022,1,26,Wednesday,2,4,1,0,182.24705882352941,14,2,21,265.0,0.0,0.0,0.0
Brien Boise,Canada,Mint Chip Choco,2022-01-28,5033,178,2022,1,28,Friday,4,4,1,0,28.275280898876403,14,1,3,85.0,0.0,242.42857142857142,0.0
Mallorie Waber,New Zealand,Mint Chip Choco,2022-01-31,1316,107,2022,1,31,Monday,0,5,1,0,12.299065420560748,14,3,18,178.0,180.0,232.0,0.0
Karlen McCaffrey,USA,Mint Chip Choco,2022-02-15,15652,53,2022,2,15,Tuesday,1,7,1,0,295.3207547169811,14,5,15,107.0,465.0,173.14285714285714,0.0
Andria Kimpton,New Zealand,Mint Chip Choco,2022-02-15,8848,211,2022,2,15,Tuesday,1,7,1,0,41.93364928909953,14,3,0,53.0,295.0,161.14285714285714,0.0
Ches Bonnell,Australia,Mint Chip Choco,2022-02-21,9660,92,2022,2,21,Monday,0,8,1,0,105.0,14,0,5,211.0,229.0,141.57142857142858,0.0
Dotty Strutley,USA,Mint Chip Choco,2022-02-21,5292,248,2022,2,21,Monday,0,8,1,0,21.338709677419356,14,5,8,92.0,265.0,139.14285714285714,0.0
Barr Faughny,New Zealand,Mint Chip Choco,2022-02-21,6440,145,2022,2,21,Monday,0,8,1,0,44.41379310344828,14,3,1,248.0,85.0,147.71428571428572,0.0
Jan Morforth,Australia,Mint Chip Choco,2022-02-22,17626,103,2022,2,22,Tuesday,1,8,1,0,171.126213592233,14,0,12,145.0,178.0,137.0,0.0
Karlen McCaffrey,New Zealand,Mint Chip Choco,2022-03-02,4326,61,2022,3,2,Wednesday,2,9,1,0,70.91803278688525,14,3,15,103.0,107.0,130.42857142857142,0.0
Curtice Advani,India,Mint Chip Choco,2022-03-03,8155,96,2022,3,3,Thursday,3,9,1,0,84.94791666666667,14,2,6,61.0,53.0,136.57142857142858,0.0
Madelene Upcott,New Zealand,Mint Chip Choco,2022-03-11,7413,4,2022,3,11,Friday,4,10,1,0,1853.25,14,3,17,96.0,211.0,107.0,0.0
Dennison Crosswaite,India,Mint Chip Choco,2022-03-23,13573,138,2022,3,23,Wednesday,2,12,1,0,98.35507246376811,14,2,7,4.0,92.0,113.57142857142857,0.0
Jan Morforth,Canada,Mint Chip Choco,2022-04-01,1064,211,2022,4,1,Friday,4,13,2,0,5.042654028436019,14,1,12,138.0,248.0,108.28571428571429,0.0
Dennison Crosswaite,New Zealand,Mint Chip Choco,2022-04-05,6454,417,2022,4,5,Tuesday,1,14,2,0,15.477218225419664,14,3,7,211.0,145.0,147.14285714285714,0.0
Ches Bonnell,UK,Mint Chip Choco,2022-04-08,2688,209,2022,4,8,Friday,4,14,2,0,12.861244019138756,14,4,5,417.0,103.0,162.28571428571428,0.0
Dennison Crosswaite,Canada,Mint Chip Choco,2022-04-08,1694,289,2022,4,8,Friday,4,14,2,0,5.86159169550173,14,1,7,209.0,61.0,194.85714285714286,0.0
Dotty Strutley,India,Mint Chip Choco,2022-04-14,1260,239,2022,4,14,Thursday,3,15,2,0,5.2719665271966525,14,2,8,289.0,96.0,215.28571428571428,0.0
Madelene Upcott,Australia,Mint Chip Choco,2022-05-02,2751,153,2022,5,2,Monday,0,18,2,0,17.980392156862745,14,0,17,239.0,4.0,236.57142857142858,0.0
Roddy Speechley,Australia,Mint Chip Choco,2022-05-05,6797,252,2022,5,5,Thursday,3,18,2,0,26.97222222222222,14,0,22,153.0,138.0,252.85714285714286,0.0
Kaine Padly,Australia,Mint Chip Choco,2022-05-17,4403,159,2022,5,17,Tuesday,1,20,2,0,27.69182389937107,14,0,14,252.0,211.0,245.42857142857142,0.0
Brien Boise,USA,Mint Chip Choco,2022-05-25,10577,150,2022,5,25,Wednesday,2,21,2,0,70.51333333333334,14,5,3,159.0,417.0,207.28571428571428,0.0
Camilla Castle,UK,Mint Chip Choco,2022-05-26,4977,317,2022,5,26,Thursday,3,21,2,0,15.700315457413248,14,4,4,150.0,209.0,222.71428571428572,0.0
Beverie Moffet,New Zealand,Mint Chip Choco,2022-06-09,4361,97,2022,6,9,Thursday,3,23,2,0,44.95876288659794,14,3,2,317.0,289.0,195.28571428571428,0.0
Camilla Castle,New Zealand,Mint Chip Choco,2022-06-13,1162,190,2022,6,13,Monday,0,24,2,0,6.11578947368421,14,3,4,97.0,239.0,188.28571428571428,187.93333333333334
Van Tuxwell,New Zealand,Mint Chip Choco,2022-06-27,4046,103,2022,6,27,Monday,0,26,2,0,39.28155339805825,14,3,23,190.0,153.0,181.14285714285714,185.36666666666667
Mallorie Waber,UK,Mint Chip Choco,2022-06-29,6384,2,2022,6,29,Wednesday,2,26,2,0,3192.0,14,4,18,103.0,252.0,145.42857142857142,169.93333333333334
Jan Morforth,New Zealand,Mint Chip Choco,2022-06-30,18340,285,2022,6,30,Thursday,3,26,2,0,64.35087719298245,14,3,12,2.0,159.0,163.42857142857142,169.6
Gunar Cockshoot,Canada,Mint Chip Choco,2022-07-01,7756,410,2022,7,1,Friday,4,26,3,0,18.917073170731708,14,1,10,285.0,150.0,200.57142857142858,175.63333333333333
Barr Faughny,UK,Mint Chip Choco,2022-07-07,3724,316,2022,7,7,Thursday,3,27,3,0,11.784810126582279,14,4,1,410.0,317.0,200.42857142857142,177.33333333333334
Dotty Strutley,UK,Mint Chip Choco,2022-07-14,2443,216,2022,7,14,Thursday,3,28,3,0,11.310185185185185,14,4,8,316.0,97.0,217.42857142857142,181.7
Karlen McCaffrey,India,Mint Chip Choco,2022-07-15,10990,184,2022,7,15,Friday,4,28,3,0,59.72826086956522,14,2,15,216.0,190.0,216.57142857142858,181.9
Kelci Walkden,India,Mint Chip Choco,2022-07-28,2870,120,2022,7,28,Thursday,3,30,3,0,23.916666666666668,14,2,16,184.0,103.0,219.0,182.33333333333334
Brien Boise,New Zealand,Mint Chip Choco,2022-08-01,63,181,2022,8,1,Monday,0,31,3,0,0.34806629834254144,14,3,3,120.0,2.0,244.57142857142858,186.6
Dotty Strutley,Australia,Mint Chip Choco,2022-08-01,6790,25,2022,8,1,Monday,0,31,3,0,271.6,14,0,8,181.0,285.0,207.42857142857142,180.4
Gunar Cockshoot,India,Mint Chip Choco,2022-08-08,4256,67,2022,8,8,Monday,0,32,3,0,63.52238805970149,14,2,10,25.0,410.0,158.42857142857142,179.56666666666666
Wilone O'Kielt,New Zealand,Mint Chip Choco,2022-08-19,11662,242,2022,8,19,Friday,4,33,3,0,48.1900826446281,14,3,24,67.0,316.0,147.85714285714286,179.36666666666667
Wilone O'Kielt,India,Mint Chip Choco,2022-08-22,1309,51,2022,8,22,Monday,0,34,3,0,25.666666666666668,14,2,24,242.0,216.0,124.28571428571429,176.23333333333332
Madelene Upcott,India,Mint Chip Choco,2022-08-24,3836,71,2022,8,24,Wednesday,2,34,3,0,54.028169014084504,14,2,17,51.0,184.0,108.14285714285714,175.16666666666666
Curtice Advani,USA,Mint Chip Choco,2022-08-24,4802,296,2022,8,24,Wednesday,2,34,3,0,16.222972972972972,14,5,6,71.0,120.0,133.28571428571428,183.0
Marney O'Breen,Canada,Orange Choco,2022-01-14,2723,425,2022,1,14,Friday,4,2,1,0,6.407058823529412,15,1,19,0.0,0.0,0.0,0.0
Marney O'Breen,USA,Orange Choco,2022-01-27,7595,181,2022,1,27,Thursday,3,4,1,0,41.96132596685083,15,5,19,425.0,0.0,0.0,0.0
Brien Boise,USA,Orange Choco,2022-01-28,6020,147,2022,1,28,Friday,4,4,1,0,40.95238095238095,15,5,3,181.0,0.0,0.0,0.0
Mallorie Waber,New Zealand,Orange Choco,2022-02-01,6510,23,2022,2,1,Tuesday,1,5,1,0,283.04347826086956,15,3,18,147.0,0.0,0.0,0.0
Kelci Walkden,USA,Orange Choco,2022-02-03,1379,138,2022,2,3,Thursday,3,5,1,0,9.992753623188406,15,5,16,23.0,0.0,0.0,0.0
Roddy Speechley,Canada,Orange Choco,2022-02-09,8148,85,2022,2,9,Wednesday,2,6,1,0,95.85882352941177,15,1,22,138.0,0.0,0.0,0.0
Jan Morforth,New Zealand,Orange Choco,2022-02-11,1225,84,2022,2,11,Friday,4,6,1,0,14.583333333333334,15,3,12,85.0,0.0,154.71428571428572,0.0
Ches Bonnell,India,Orange Choco,2022-02-16,1190,256,2022,2,16,Wednesday,2,7,1,0,4.6484375,15,2,5,84.0,425.0,130.57142857142858,0.0
Camilla Castle,Canada,Orange Choco,2022-02-17,7770,54,2022,2,17,Thursday,3,7,1,0,143.88888888888889,15,1,4,256.0,181.0,112.42857142857143,0.0
Dotty Strutley,USA,Orange Choco,2022-02-23,1379,107,2022,2,23,Wednesday,2,8,1,0,12.88785046728972,15,5,8,54.0,147.0,106.71428571428571,0.0
Wilone O'Kielt,USA,Orange Choco,2022-02-28,7042,37,2022,2,28,Monday,0,9,1,0,190.32432432432432,15,5,24,107.0,23.0,108.71428571428571,0.0
Mallorie Waber,Australia,Orange Choco,2022-03-07,14658,275,2022,3,7,Monday,0,10,1,0,53.301818181818184,15,0,18,37.0,138.0,128.28571428571428,0.0
Gigi Bohling,Australia,Orange Choco,2022-03-09,574,156,2022,3,9,Wednesday,2,10,1,0,3.6794871794871793,15,0,9,275.0,85.0,138.42857142857142,0.0
Barr Faughny,USA,Orange Choco,2022-03-10,3703,11,2022,3,10,Thursday,3,10,1,0,336.6363636363636,15,5,1,156.0,84.0,128.0,0.0
Dennison Crosswaite,New Zealand,Orange Choco,2022-03-16,4571,140,2022,3,16,Wednesday,2,11,1,0,32.65,15,3,7,11.0,256.0,111.42857142857143,0.0
Dennison Crosswaite,India,Orange Choco,2022-03-18,784,129,2022,3,18,Friday,4,11,1,0,6.077519379844961,15,2,7,140.0,54.0,122.14285714285714,0.0
Jehu Rudeforth,Australia,Orange Choco,2022-03-23,13706,26,2022,3,23,Wednesday,2,12,1,0,527.1538461538462,15,0,13,129.0,107.0,110.57142857142857,0.0
Mallorie Waber,Canada,Orange Choco,2022-03-23,3577,178,2022,3,23,Wednesday,2,12,1,0,20.09550561797753,15,1,18,26.0,37.0,130.71428571428572,0.0
Roddy Speechley,New Zealand,Orange Choco,2022-04-01,49,97,2022,4,1,Friday,4,13,2,0,0.5051546391752577,15,3,22,178.0,275.0,105.28571428571429,0.0
Madelene Upcott,Australia,Orange Choco,2022-04-15,6713,398,2022,4,15,Friday,4,15,2,0,16.866834170854272,15,0,17,97.0,156.0,139.85714285714286,0.0
Oby Sorrel,UK,Orange Choco,2022-04-15,7315,237,2022,4,15,Friday,4,15,2,0,30.864978902953588,15,4,20,398.0,11.0,172.14285714285714,0.0
Ches Bonnell,UK,Orange Choco,2022-04-27,14238,54,2022,4,27,Wednesday,2,17,2,0,263.6666666666667,15,4,5,237.0,140.0,159.85714285714286,0.0
Oby Sorrel,Canada,Orange Choco,2022-04-27,8757,338,2022,4,27,Wednesday,2,17,2,0,25.90828402366864,15,1,20,54.0,129.0,189.71428571428572,0.0
Kelci Walkden,Australia,Orange Choco,2022-04-29,11116,432,2022,4,29,Friday,4,17,2,0,25.73148148148148,15,0,16,338.0,26.0,247.71428571428572,0.0
Beverie Moffet,Canada,Orange Choco,2022-05-10,8722,109,2022,5,10,Tuesday,1,19,2,0,80.01834862385321,15,1,2,432.0,178.0,237.85714285714286,0.0
Karlen McCaffrey,USA,Orange Choco,2022-05-12,11095,401,2022,5,12,Thursday,3,19,2,0,27.668329177057355,15,5,15,109.0,97.0,281.2857142857143,0.0
Madelene Upcott,USA,Orange Choco,2022-05-16,7742,138,2022,5,16,Monday,0,20,2,0,56.10144927536232,15,5,17,401.0,398.0,244.14285714285714,0.0
Gigi Bohling,New Zealand,Orange Choco,2022-05-16,8204,307,2022,5,16,Monday,0,20,2,0,26.72312703583062,15,3,9,138.0,237.0,254.14285714285714,0.0
Andria Kimpton,India,Orange Choco,2022-05-30,301,421,2022,5,30,Monday,0,22,2,0,0.7149643705463183,15,2,0,307.0,54.0,306.57142857142856,0.0
Marney O'Breen,UK,Orange Choco,2022-06-06,11319,12,2022,6,6,Monday,0,23,2,0,943.25,15,4,19,421.0,338.0,260.0,179.86666666666667
Kelci Walkden,India,Orange Choco,2022-06-07,9408,138,2022,6,7,Tuesday,1,23,2,0,68.17391304347827,15,2,16,12.0,432.0,218.0,170.3
Ches Bonnell,USA,Orange Choco,2022-06-10,1743,69,2022,6,10,Friday,4,23,2,0,25.26086956521739,15,5,5,138.0,109.0,212.28571428571428,166.56666666666666
Andria Kimpton,New Zealand,Orange Choco,2022-06-14,8169,88,2022,6,14,Tuesday,1,24,2,0,92.82954545454545,15,3,0,69.0,401.0,167.57142857142858,164.6
Jan Morforth,UK,Orange Choco,2022-06-15,3780,201,2022,6,15,Wednesday,2,24,2,0,18.80597014925373,15,4,12,88.0,138.0,176.57142857142858,170.53333333333333
Jehu Rudeforth,Canada,Orange Choco,2022-06-23,3857,512,2022,6,23,Thursday,3,25,2,0,7.533203125,15,1,13,201.0,307.0,205.85714285714286,183.0
Roddy Speechley,India,Orange Choco,2022-06-27,4053,19,2022,6,27,Monday,0,26,2,0,213.31578947368422,15,2,22,512.0,421.0,148.42857142857142,180.8
Karlen McCaffrey,India,Orange Choco,2022-06-27,3122,149,2022,6,27,Monday,0,26,2,0,20.953020134228186,15,2,15,19.0,12.0,168.0,182.96666666666667
Husein Augar,Australia,Orange Choco,2022-06-28,8897,188,2022,6,28,Tuesday,1,26,2,0,47.32446808510638,15,0,11,149.0,138.0,175.14285714285714,180.7
Jan Morforth,USA,Orange Choco,2022-06-29,980,146,2022,6,29,Wednesday,2,26,2,0,6.712328767123288,15,5,12,188.0,69.0,186.14285714285714,183.76666666666668
Kaine Padly,UK,Orange Choco,2022-06-29,1960,191,2022,6,29,Wednesday,2,26,2,0,10.261780104712042,15,4,14,146.0,88.0,200.85714285714286,186.56666666666666
Barr Faughny,Canada,Orange Choco,2022-06-30,7602,18,2022,6,30,Thursday,3,26,2,0,422.3333333333333,15,1,1,191.0,201.0,174.71428571428572,185.93333333333334
Husein Augar,India,Orange Choco,2022-06-30,4361,40,2022,6,30,Thursday,3,26,2,0,109.025,15,2,11,18.0,512.0,107.28571428571429,178.1
Jan Morforth,Australia,Orange Choco,2022-07-04,3199,122,2022,7,4,Monday,0,27,3,0,26.221311475409838,15,0,12,40.0,19.0,122.0,176.96666666666667
Curtice Advani,Australia,Orange Choco,2022-07-12,854,136,2022,7,12,Tuesday,1,28,3,0,6.279411764705882,15,0,6,122.0,149.0,120.14285714285714,181.13333333333333
Jehu Rudeforth,USA,Orange Choco,2022-07-28,364,170,2022,7,28,Thursday,3,30,3,0,2.1411764705882352,15,5,13,136.0,188.0,117.57142857142857,182.13333333333333
Kelci Walkden,UK,Orange Choco,2022-08-01,3640,3,2022,8,1,Monday,0,31,3,0,1213.3333333333333,15,4,16,170.0,146.0,97.14285714285714,177.93333333333334
Dotty Strutley,New Zealand,Orange Choco,2022-08-04,2030,146,2022,8,4,Thursday,3,31,3,0,13.904109589041095,15,3,8,3.0,191.0,90.71428571428571,181.93333333333334
Andria Kimpton,Canada,Organic Choco Syrup,2022-01-04,8204,204,2022,1,4,Tuesday,1,1,1,0,40.21568627450981,16,1,0,0.0,0.0,0.0,0.0
Dennison Crosswaite,New Zealand,Organic Choco Syrup,2022-01-04,371,229,2022,1,4,Tuesday,1,1,1,0,1.6200873362445414,16,3,7,204.0,0.0,0.0,0.0
Barr Faughny,Australia,Organic Choco Syrup,2022-01-07,2303,33,2022,1,7,Friday,4,1,1,0,69.78787878787878,16,0,1,229.0,0.0,0.0,0.0
Roddy Speechley,Canada,Organic Choco Syrup,2022-01-10,4032,82,2022,1,10,Monday,0,2,1,0,49.170731707317074,16,1,22,33.0,0.0,0.0,0.0
Brien Boise,New Zealand,Organic Choco Syrup,2022-01-17,637,313,2022,1,17,Monday,0,3,1,0,2.0351437699680512,16,3,3,82.0,0.0,0.0,0.0
Andria Kimpton,India,Organic Choco Syrup,2022-01-18,3955,134,2022,1,18,Tuesday,1,3,1,0,29.51492537313433,16,2,0,313.0,0.0,0.0,0.0
Beverie Moffet,Australia,Organic Choco Syrup,2022-01-26,6790,356,2022,1,26,Wednesday,2,4,1,0,19.073033707865168,16,0,2,134.0,0.0,193.0,0.0
Madelene Upcott,India,Organic Choco Syrup,2022-01-26,4781,38,2022,1,26,Wednesday,2,4,1,0,125.8157894736842,16,2,17,356.0,204.0,169.28571428571428,0.0
Rafaelita Blaksland,Australia,Organic Choco Syrup,2022-01-26,994,105,2022,1,26,Wednesday,2,4,1,0,9.466666666666667,16,0,21,38.0,229.0,151.57142857142858,0.0
Dennison Crosswaite,India,Organic Choco Syrup,2022-01-27,8428,216,2022,1,27,Thursday,3,4,1,0,39.01851851851852,16,2,7,105.0,33.0,177.71428571428572,0.0
Dennison Crosswaite,Canada,Organic Choco Syrup,2022-01-28,8491,75,2022,1,28,Friday,4,4,1,0,113.21333333333334,16,1,7,216.0,82.0,176.71428571428572,0.0
Wilone O'Kielt,New Zealand,Organic Choco Syrup,2022-01-31,2016,277,2022,1,31,Monday,0,5,1,0,7.277978339350181,16,3,24,75.0,313.0,171.57142857142858,0.0
Husein Augar,Australia,Organic Choco Syrup,2022-02-08,938,158,2022,2,8,Tuesday,1,6,1,0,5.936708860759493,16,0,11,277.0,134.0,175.0,0.0
Van Tuxwell,Canada,Organic Choco Syrup,2022-02-14,4067,42,2022,2,14,Monday,0,7,1,0,96.83333333333333,16,1,23,158.0,356.0,130.14285714285714,0.0
Oby Sorrel,New Zealand,Organic Choco Syrup,2022-02-17,15316,270,2022,2,17,Thursday,3,7,1,0,56.72592592592593,16,3,20,42.0,38.0,163.28571428571428,0.0
Curtice Advani,Canada,Organic Choco Syrup,2022-02-22,791,22,2022,2,22,Tuesday,1,8,1,0,35.95454545454545,16,1,6,270.0,105.0,151.42857142857142,0.0
Jan Morforth,New Zealand,Organic Choco Syrup,2022-03-02,1799,207,2022,3,2,Wednesday,2,9,1,0,8.690821256038648,16,3,12,22.0,216.0,150.14285714285714,0.0
Andria Kimpton,New Zealand,Organic Choco Syrup,2022-03-04,4935,39,2022,3,4,Friday,4,9,1,0,126.53846153846153,16,3,0,207.0,75.0,145.0,0.0
Ches Bonnell,India,Organic Choco Syrup,2022-03-08,16569,99,2022,3,8,Tuesday,1,10,1,0,167.36363636363637,16,2,5,39.0,277.0,119.57142857142857,0.0
Barr Faughny,Canada,Organic Choco Syrup,2022-03-10,1141,205,2022,3,10,Thursday,3,10,1,0,5.565853658536585,16,1,1,99.0,158.0,126.28571428571429,0.0
Kaine Padly,USA,Organic Choco Syrup,2022-03-11,2380,22,2022,3,11,Friday,4,10,1,0,108.18181818181819,16,5,14,205.0,42.0,123.42857142857143,0.0
Kaine Padly,Canada,Organic Choco Syrup,2022-03-29,5684,81,2022,3,29,Tuesday,1,13,1,0,70.17283950617283,16,1,14,22.0,270.0,96.42857142857143,0.0
Kaine Padly,UK,Organic Choco Syrup,2022-03-31,2282,178,2022,3,31,Thursday,3,13,1,0,12.820224719101123,16,4,14,81.0,22.0,118.71428571428571,0.0
Jan Morforth,UK,Organic Choco Syrup,2022-04-12,1197,356,2022,4,12,Tuesday,1,15,2,0,3.3623595505617976,16,4,12,178.0,207.0,140.0,0.0
Dennison Crosswaite,Australia,Organic Choco Syrup,2022-05-10,5775,41,2022,5,10,Tuesday,1,19,2,0,140.85365853658536,16,0,7,356.0,39.0,140.28571428571428,0.0
Marney O'Breen,Australia,Organic Choco Syrup,2022-05-16,273,174,2022,5,16,Monday,0,20,2,0,1.5689655172413792,16,0,19,41.0,99.0,151.0,0.0
Van Tuxwell,India,Organic Choco Syrup,2022-05-16,19929,174,2022,5,16,Monday,0,20,2,0,114.53448275862068,16,2,23,174.0,205.0,146.57142857142858,0.0
Beverie Moffet,New Zealand,Organic Choco Syrup,2022-05-24,6678,226,2022,5,24,Tuesday,1,21,2,0,29.548672566371682,16,3,2,174.0,22.0,175.71428571428572,0.0
Brien Boise,USA,Organic Choco Syrup,2022-05-25,16233,138,2022,5,25,Wednesday,2,21,2,0,117.6304347826087,16,5,3,226.0,81.0,183.85714285714286,0.0
Gunar Cockshoot,India,Organic Choco Syrup,2022-06-03,7196,160,2022,6,3,Friday,4,22,2,0,44.975,16,2,10,138.0,178.0,181.28571428571428,155.13333333333333
Beverie Moffet,India,Organic Choco Syrup,2022-06-23,1036,20,2022,6,23,Thursday,3,25,2,0,51.8,16,2,2,160.0,356.0,133.28571428571428,149.0
Curtice Advani,Australia,Organic Choco Syrup,2022-06-28,3472,311,2022,6,28,Tuesday,1,26,2,0,11.163987138263666,16,0,6,20.0,41.0,171.85714285714286,151.73333333333332
Oby Sorrel,UK,Organic Choco Syrup,2022-06-30,7980,157,2022,6,30,Thursday,3,26,2,0,50.82802547770701,16,4,20,311.0,174.0,169.42857142857142,155.86666666666667
Mallorie Waber,New Zealand,Organic Choco Syrup,2022-07-01,5075,256,2022,7,1,Friday,4,26,3,0,19.82421875,16,3,18,157.0,174.0,181.14285714285714,161.66666666666666
Roddy Speechley,Australia,Organic Choco Syrup,2022-07-04,3647,76,2022,7,4,Monday,0,27,3,0,47.98684210526316,16,0,22,256.0,226.0,159.71428571428572,153.76666666666668
Oby Sorrel,Canada,Organic Choco Syrup,2022-07-05,1232,74,2022,7,5,Tuesday,1,27,3,0,16.64864864864865,16,1,20,76.0,138.0,150.57142857142858,151.76666666666668
Madelene Upcott,Australia,Organic Choco Syrup,2022-07-05,10794,50,2022,7,5,Tuesday,1,27,3,0,215.88,16,0,17,74.0,160.0,134.85714285714286,141.56666666666666
Wilone O'Kielt,Australia,Organic Choco Syrup,2022-07-07,1743,111,2022,7,7,Thursday,3,27,3,0,15.702702702702704,16,0,24,50.0,20.0,147.85714285714286,144.0
Oby Sorrel,India,Organic Choco Syrup,2022-07-08,6181,56,2022,7,8,Friday,4,27,3,0,110.375,16,2,20,111.0,311.0,111.42857142857143,142.36666666666667
Marney O'Breen,New Zealand,Organic Choco Syrup,2022-07-08,8624,50,2022,7,8,Friday,4,27,3,0,172.48,16,3,19,56.0,157.0,96.14285714285714,136.83333333333334
Wilone O'Kielt,UK,Organic Choco Syrup,2022-07-12,4858,52,2022,7,12,Tuesday,1,28,3,0,93.42307692307692,16,4,24,50.0,256.0,67.0,136.06666666666666
Karlen McCaffrey,Canada,Organic Choco Syrup,2022-07-15,2415,312,2022,7,15,Friday,4,28,3,0,7.740384615384615,16,1,15,52.0,76.0,100.71428571428571,137.23333333333332
Ches Bonnell,New Zealand,Organic Choco Syrup,2022-07-15,7623,85,2022,7,15,Friday,4,28,3,0,89.68235294117648,16,3,5,312.0,74.0,102.28571428571429,134.8
Brien Boise,Australia,Organic Choco Syrup,2022-07-15,4263,264,2022,7,15,Friday,4,28,3,0,16.147727272727273,16,0,3,85.0,50.0,132.85714285714286,142.2
Dennison Crosswaite,USA,Organic Choco Syrup,2022-07-18,12656,126,2022,7,18,Monday,0,29,3,0,100.44444444444444,16,5,7,264.0,111.0,135.0,137.4
Kelci Walkden,USA,Organic Choco Syrup,2022-07-21,9870,152,2022,7,21,Thursday,3,29,3,0,64.9342105263158,16,5,16,126.0,56.0,148.71428571428572,141.73333333333332
Madelene Upcott,UK,Organic Choco Syrup,2022-07-21,6965,163,2022,7,21,Thursday,3,29,3,0,42.73006134969325,16,4,17,152.0,50.0,164.85714285714286,140.26666666666668
Ches Bonnell,Canada,Organic Choco Syrup,2022-07-26,574,217,2022,7,26,Tuesday,1,30,3,0,2.6451612903225805,16,1,5,163.0,52.0,188.42857142857142,146.2
Ches Bonnell,USA,Organic Choco Syrup,2022-07-28,7721,14,2022,7,28,Thursday,3,30,3,0,551.5,16,5,5,217.0,312.0,145.85714285714286,143.36666666666667
Van Tuxwell,Australia,Organic Choco Syrup,2022-08-10,19453,14,2022,8,10,Wednesday,2,32,3,0,1389.5,16,0,23,14.0,85.0,135.71428571428572,137.0
Gunar Cockshoot,USA,Organic Choco Syrup,2022-08-10,2331,321,2022,8,10,Wednesday,2,32,3,0,7.261682242990654,16,5,10,14.0,264.0,143.85714285714286,146.96666666666667
Van Tuxwell,UK,Organic Choco Syrup,2022-08-26,2002,214,2022,8,26,Friday,4,34,3,0,9.355140186915888,16,4,23,321.0,126.0,156.42857142857142,151.4
Jan Morforth,India,Peanut Butter Cubes,2022-01-04,8092,178,2022,1,4,Tuesday,1,1,1,0,45.46067415730337,17,2,12,0.0,0.0,0.0,0.0
Marney O'Breen,India,Peanut Butter Cubes,2022-01-10,6489,146,2022,1,10,Monday,0,2,1,0,44.445205479452056,17,2,19,178.0,0.0,0.0,0.0
Brien Boise,UK,Peanut Butter Cubes,2022-01-10,15330,30,2022,1,10,Monday,0,2,1,0,511.0,17,4,3,146.0,0.0,0.0,0.0
Ches Bonnell,India,Peanut Butter Cubes,2022-01-27,22050,208,2022,1,27,Thursday,3,4,1,0,106.00961538461539,17,2,5,30.0,0.0,0.0,0.0
Madelene Upcott,New Zealand,Peanut Butter Cubes,2022-01-28,5152,333,2022,1,28,Friday,4,4,1,0,15.471471471471471,17,3,17,208.0,0.0,0.0,0.0
Dennison Crosswaite,UK,Peanut Butter Cubes,2022-02-07,8925,158,2022,2,7,Monday,0,6,1,0,56.4873417721519,17,4,7,333.0,0.0,0.0,0.0
Roddy Speechley,India,Peanut Butter Cubes,2022-02-11,10283,21,2022,2,11,Friday,4,6,1,0,489.6666666666667,17,2,22,158.0,0.0,153.42857142857142,0.0
Kaine Padly,USA,Peanut Butter Cubes,2022-02-16,6790,188,2022,2,16,Wednesday,2,7,1,0,36.11702127659574,17,5,14,21.0,178.0,154.85714285714286,0.0
Husein Augar,New Zealand,Peanut Butter Cubes,2022-02-16,2058,236,2022,2,16,Wednesday,2,7,1,0,8.720338983050848,17,3,11,188.0,146.0,167.71428571428572,0.0
Dotty Strutley,India,Peanut Butter Cubes,2022-02-16,9107,73,2022,2,16,Wednesday,2,7,1,0,124.75342465753425,17,2,8,236.0,30.0,173.85714285714286,0.0
Andria Kimpton,Canada,Peanut Butter Cubes,2022-02-16,1127,319,2022,2,16,Wednesday,2,7,1,0,3.5329153605015673,17,1,0,73.0,208.0,189.71428571428572,0.0
Beverie Moffet,New Zealand,Peanut Butter Cubes,2022-02-23,10822,30,2022,2,23,Wednesday,2,8,1,0,360.73333333333335,17,3,2,319.0,333.0,146.42857142857142,0.0
Jehu Rudeforth,UK,Peanut Butter Cubes,2022-02-24,13685,184,2022,2,24,Thursday,3,8,1,0,74.375,17,4,13,30.0,158.0,150.14285714285714,0.0
Roddy Speechley,USA,Peanut Butter Cubes,2022-02-25,1736,137,2022,2,25,Friday,4,8,1,0,12.671532846715328,17,5,22,184.0,21.0,166.71428571428572,0.0
Curtice Advani,UK,Peanut Butter Cubes,2022-03-01,15008,165,2022,3,1,Tuesday,1,9,1,0,90.95757575757575,17,4,6,137.0,188.0,163.42857142857142,0.0
Ches Bonnell,New Zealand,Peanut Butter Cubes,2022-03-04,889,273,2022,3,4,Friday,4,9,1,0,3.2564102564102564,17,3,5,165.0,236.0,168.71428571428572,0.0
Marney O'Breen,Canada,Peanut Butter Cubes,2022-03-08,6594,91,2022,3,8,Tuesday,1,10,1,0,72.46153846153847,17,1,19,273.0,73.0,171.28571428571428,0.0
Ches Bonnell,Australia,Peanut Butter Cubes,2022-03-14,10199,68,2022,3,14,Monday,0,11,1,0,149.98529411764707,17,0,5,91.0,319.0,135.42857142857142,0.0
Curtice Advani,New Zealand,Peanut Butter Cubes,2022-03-15,1533,434,2022,3,15,Tuesday,1,11,1,0,3.532258064516129,17,3,6,68.0,30.0,193.14285714285714,0.0
Kaine Padly,Australia,Peanut Butter Cubes,2022-03-25,5460,286,2022,3,25,Friday,4,12,1,0,19.09090909090909,17,0,14,434.0,184.0,207.71428571428572,0.0
Kelci Walkden,Canada,Peanut Butter Cubes,2022-04-08,7532,44,2022,4,8,Friday,4,14,2,0,171.1818181818182,17,1,16,286.0,137.0,194.42857142857142,0.0
Jehu Rudeforth,India,Peanut Butter Cubes,2022-04-14,28,446,2022,4,14,Thursday,3,15,2,0,0.06278026905829596,17,2,13,44.0,165.0,234.57142857142858,0.0
Ches Bonnell,UK,Peanut Butter Cubes,2022-04-15,2156,260,2022,4,15,Friday,4,15,2,0,8.292307692307693,17,4,5,446.0,273.0,232.71428571428572,0.0
Andria Kimpton,Australia,Peanut Butter Cubes,2022-04-20,6678,148,2022,4,20,Wednesday,2,16,2,0,45.12162162162162,17,0,0,260.0,91.0,240.85714285714286,0.0
Jan Morforth,Australia,Peanut Butter Cubes,2022-04-27,12726,342,2022,4,27,Wednesday,2,17,2,0,37.21052631578947,17,0,12,148.0,68.0,280.0,0.0
Gigi Bohling,USA,Peanut Butter Cubes,2022-05-09,280,75,2022,5,9,Monday,0,19,2,0,3.7333333333333334,17,5,9,342.0,434.0,228.71428571428572,0.0
Husein Augar,India,Peanut Butter Cubes,2022-05-09,4522,5,2022,5,9,Monday,0,19,2,0,904.4,17,2,11,75.0,286.0,188.57142857142858,0.0
Kaine Padly,UK,Peanut Butter Cubes,2022-05-11,6272,86,2022,5,11,Wednesday,2,19,2,0,72.93023255813954,17,4,14,5.0,44.0,194.57142857142858,0.0
Curtice Advani,Canada,Peanut Butter Cubes,2022-05-19,4935,63,2022,5,19,Thursday,3,20,2,0,78.33333333333333,17,1,6,86.0,446.0,139.85714285714286,0.0
Mallorie Waber,USA,Peanut Butter Cubes,2022-05-23,1162,18,2022,5,23,Monday,0,21,2,0,64.55555555555556,17,5,18,63.0,260.0,105.28571428571429,168.16666666666666
Barr Faughny,Canada,Peanut Butter Cubes,2022-06-07,2100,78,2022,6,7,Tuesday,1,23,2,0,26.923076923076923,17,1,1,18.0,148.0,95.28571428571429,164.83333333333334
Oby Sorrel,Canada,Peanut Butter Cubes,2022-06-07,12425,167,2022,6,7,Tuesday,1,23,2,0,74.40119760479043,17,1,20,78.0,342.0,70.28571428571429,165.53333333333333
Marney O'Breen,USA,Peanut Butter Cubes,2022-06-15,693,350,2022,6,15,Wednesday,2,24,2,0,1.98,17,5,19,167.0,75.0,109.57142857142857,176.2
Andria Kimpton,New Zealand,Peanut Butter Cubes,2022-06-20,959,265,2022,6,20,Monday,0,25,2,0,3.6188679245283017,17,3,0,350.0,5.0,146.71428571428572,178.1
Jehu Rudeforth,Australia,Peanut Butter Cubes,2022-06-24,5691,38,2022,6,24,Friday,4,25,2,0,149.76315789473685,17,0,13,265.0,86.0,139.85714285714286,168.26666666666668
Van Tuxwell,Canada,Peanut Butter Cubes,2022-06-24,6342,282,2022,6,24,Friday,4,25,2,0,22.48936170212766,17,1,23,38.0,63.0,171.14285714285714,172.4
Kaine Padly,Canada,Peanut Butter Cubes,2022-07-04,3269,176,2022,7,4,Monday,0,27,3,0,18.573863636363637,17,1,14,282.0,18.0,193.71428571428572,177.56666666666666
Madelene Upcott,Canada,Peanut Butter Cubes,2022-07-05,14763,113,2022,7,5,Tuesday,1,27,3,0,130.64601769911505,17,1,17,176.0,78.0,198.71428571428572,175.06666666666666
Gigi Bohling,India,Peanut Butter Cubes,2022-07-07,4501,91,2022,7,7,Thursday,3,27,3,0,49.46153846153846,17,2,9,113.0,167.0,187.85714285714286,170.23333333333332
Camilla Castle,India,Peanut Butter Cubes,2022-07-15,11837,277,2022,7,15,Friday,4,28,3,0,42.73285198555957,17,2,4,91.0,350.0,177.42857142857142,177.03333333333333
Camilla Castle,UK,Peanut Butter Cubes,2022-07-19,4872,126,2022,7,19,Tuesday,1,29,3,0,38.666666666666664,17,4,4,277.0,265.0,157.57142857142858,170.6
Camilla Castle,New Zealand,Peanut Butter Cubes,2022-07-21,1582,62,2022,7,21,Thursday,3,29,3,0,25.516129032258064,17,3,4,126.0,38.0,161.0,171.66666666666666
Jan Morforth,USA,Peanut Butter Cubes,2022-07-22,9037,102,2022,7,22,Friday,4,29,3,0,88.59803921568627,17,5,12,62.0,282.0,135.28571428571428,168.93333333333334
Marney O'Breen,New Zealand,Peanut Butter Cubes,2022-08-03,8379,173,2022,8,3,Wednesday,2,31,3,0,48.433526011560694,17,3,19,102.0,176.0,134.85714285714286,170.13333333333333
Karlen McCaffrey,Canada,Peanut Butter Cubes,2022-08-12,3094,159,2022,8,12,Friday,4,32,3,0,19.459119496855347,17,1,15,173.0,113.0,141.42857142857142,169.93333333333334
Madelene Upcott,UK,Peanut Butter Cubes,2022-08-12,7756,85,2022,8,12,Friday,4,32,3,0,91.24705882352941,17,4,17,159.0,91.0,140.57142857142858,163.66666666666666
Roddy Speechley,UK,Peanut Butter Cubes,2022-08-17,5691,171,2022,8,17,Wednesday,2,33,3,0,33.280701754385966,17,4,22,85.0,277.0,125.42857142857143,166.33333333333334
Beverie Moffet,USA,Peanut Butter Cubes,2022-08-18,13930,339,2022,8,18,Thursday,3,33,3,0,41.091445427728615,17,5,2,171.0,126.0,155.85714285714286,175.36666666666667
Brien Boise,Australia,Peanut Butter Cubes,2022-08-19,301,205,2022,8,19,Friday,4,33,3,0,1.4682926829268292,17,0,3,339.0,62.0,176.28571428571428,167.73333333333332
Dotty Strutley,USA,Raspberry Choco,2022-01-03,3437,46,2022,1,3,Monday,0,1,1,0,74.71739130434783,18,5,8,0.0,0.0,0.0,0.0
Brien Boise,USA,Raspberry Choco,2022-01-12,672,194,2022,1,12,Wednesday,2,2,1,0,3.463917525773196,18,5,3,46.0,0.0,0.0,0.0
Dennison Crosswaite,USA,Raspberry Choco,2022-01-18,6524,257,2022,1,18,Tuesday,1,3,1,0,25.3852140077821,18,5,7,194.0,0.0,0.0,0.0
Rafaelita Blaksland,Australia,Raspberry Choco,2022-01-19,6916,259,2022,1,19,Wednesday,2,3,1,0,26.7027027027027,18,0,21,257.0,0.0,0.0,0.0
Roddy Speechley,UK,Raspberry Choco,2022-01-28,12635,194,2022,1,28,Friday,4,4,1,0,65.12886597938144,18,4,22,259.0,0.0,0.0,0.0
Dotty Strutley,New Zealand,Raspberry Choco,2022-02-10,5845,91,2022,2,10,Thursday,3,6,1,0,64.23076923076923,18,3,8,194.0,0.0,0.0,0.0
Oby Sorrel,Australia,Raspberry Choco,2022-02-17,1043,120,2022,2,17,Thursday,3,7,1,0,8.691666666666666,18,0,20,91.0,0.0,165.85714285714286,0.0
Gigi Bohling,India,Raspberry Choco,2022-02-22,2583,159,2022,2,22,Tuesday,1,8,1,0,16.245283018867923,18,2,9,120.0,46.0,182.0,0.0
Mallorie Waber,India,Raspberry Choco,2022-03-02,1400,2,2022,3,2,Wednesday,2,9,1,0,700.0,18,2,18,159.0,194.0,154.57142857142858,0.0
Jehu Rudeforth,USA,Raspberry Choco,2022-03-04,7154,133,2022,3,4,Friday,4,9,1,0,53.78947368421053,18,5,13,2.0,257.0,136.85714285714286,0.0
Dennison Crosswaite,Australia,Raspberry Choco,2022-03-14,5740,31,2022,3,14,Monday,0,11,1,0,185.16129032258064,18,0,7,133.0,259.0,104.28571428571429,0.0
Curtice Advani,USA,Raspberry Choco,2022-03-15,2996,139,2022,3,15,Tuesday,1,11,1,0,21.553956834532375,18,5,6,31.0,194.0,96.42857142857143,0.0
Van Tuxwell,UK,Raspberry Choco,2022-03-16,6538,79,2022,3,16,Wednesday,2,11,1,0,82.75949367088607,18,4,23,139.0,91.0,94.71428571428571,0.0
Gunar Cockshoot,Australia,Raspberry Choco,2022-03-17,602,72,2022,3,17,Thursday,3,11,1,0,8.36111111111111,18,0,10,79.0,120.0,87.85714285714286,0.0
Van Tuxwell,Canada,Raspberry Choco,2022-03-17,1267,130,2022,3,17,Thursday,3,11,1,0,9.746153846153845,18,1,23,72.0,159.0,83.71428571428571,0.0
Gigi Bohling,Australia,Raspberry Choco,2022-03-30,6524,303,2022,3,30,Wednesday,2,13,1,0,21.53135313531353,18,0,9,130.0,2.0,126.71428571428571,0.0
Camilla Castle,New Zealand,Raspberry Choco,2022-04-04,4746,137,2022,4,4,Monday,0,14,2,0,34.64233576642336,18,3,4,303.0,133.0,127.28571428571429,0.0
Oby Sorrel,UK,Raspberry Choco,2022-04-08,4599,323,2022,4,8,Friday,4,14,2,0,14.238390092879257,18,4,20,137.0,31.0,169.0,0.0
Barr Faughny,USA,Raspberry Choco,2022-04-12,9282,101,2022,4,12,Tuesday,1,15,2,0,91.9009900990099,18,5,1,323.0,139.0,163.57142857142858,0.0
Oby Sorrel,India,Raspberry Choco,2022-04-14,6832,46,2022,4,14,Thursday,3,15,2,0,148.52173913043478,18,2,20,101.0,79.0,158.85714285714286,0.0
Karlen McCaffrey,USA,Raspberry Choco,2022-04-15,14749,354,2022,4,15,Friday,4,15,2,0,41.663841807909606,18,5,15,46.0,72.0,199.14285714285714,0.0
Beverie Moffet,USA,Raspberry Choco,2022-04-19,14798,83,2022,4,19,Tuesday,1,16,2,0,178.289156626506,18,5,2,354.0,130.0,192.42857142857142,0.0
Mallorie Waber,Australia,Raspberry Choco,2022-04-25,8400,27,2022,4,25,Monday,0,17,2,0,311.1111111111111,18,0,18,83.0,303.0,153.0,0.0
Karlen McCaffrey,Canada,Raspberry Choco,2022-05-09,651,224,2022,5,9,Monday,0,19,2,0,2.90625,18,1,15,27.0,137.0,165.42857142857142,0.0
Oby Sorrel,New Zealand,Raspberry Choco,2022-05-13,4550,281,2022,5,13,Friday,4,19,2,0,16.19217081850534,18,3,20,224.0,323.0,159.42857142857142,0.0
Madelene Upcott,New Zealand,Raspberry Choco,2022-05-18,9226,415,2022,5,18,Wednesday,2,20,2,0,22.23132530120482,18,3,17,281.0,101.0,204.28571428571428,0.0
Camilla Castle,USA,Raspberry Choco,2022-05-20,3339,18,2022,5,20,Friday,4,20,2,0,185.5,18,5,4,415.0,46.0,200.28571428571428,0.0
Marney O'Breen,USA,Raspberry Choco,2022-05-23,6069,151,2022,5,23,Monday,0,21,2,0,40.19205298013245,18,5,19,18.0,354.0,171.28571428571428,0.0
Barr Faughny,Australia,Raspberry Choco,2022-05-27,9268,100,2022,5,27,Friday,4,21,2,0,92.68,18,0,1,151.0,83.0,173.71428571428572,0.0
Brien Boise,India,Raspberry Choco,2022-05-30,6328,164,2022,5,30,Monday,0,22,2,0,38.58536585365854,18,2,3,100.0,27.0,193.28571428571428,154.43333333333334
Kelci Walkden,Australia,Raspberry Choco,2022-06-07,679,56,2022,6,7,Tuesday,1,23,2,0,12.125,18,0,16,164.0,224.0,169.28571428571428,154.76666666666668
Brien Boise,Canada,Raspberry Choco,2022-06-14,2800,45,2022,6,14,Tuesday,1,24,2,0,62.22222222222222,18,1,3,56.0,281.0,135.57142857142858,149.8
Husein Augar,India,Raspberry Choco,2022-06-15,9954,154,2022,6,15,Wednesday,2,24,2,0,64.63636363636364,18,2,11,45.0,415.0,98.28571428571429,146.36666666666667
Oby Sorrel,Canada,Raspberry Choco,2022-06-16,1750,208,2022,6,16,Thursday,3,24,2,0,8.413461538461538,18,1,20,154.0,18.0,125.42857142857143,144.66666666666666
Kelci Walkden,India,Raspberry Choco,2022-06-16,8183,254,2022,6,16,Thursday,3,24,2,0,32.21653543307087,18,2,16,208.0,151.0,140.14285714285714,146.66666666666666
Gunar Cockshoot,Canada,Raspberry Choco,2022-06-23,2058,126,2022,6,23,Thursday,3,25,2,0,16.333333333333332,18,1,10,254.0,100.0,143.85714285714286,147.83333333333334
Andria Kimpton,USA,Raspberry Choco,2022-06-30,14504,21,2022,6,30,Thursday,3,26,2,0,690.6666666666666,18,5,0,126.0,164.0,123.42857142857143,144.53333333333333
Madelene Upcott,India,Raspberry Choco,2022-07-07,4221,9,2022,7,7,Thursday,3,27,3,0,469.0,18,2,17,21.0,56.0,116.71428571428571,139.53333333333333
Madelene Upcott,Australia,Raspberry Choco,2022-07-13,6321,88,2022,7,13,Wednesday,2,28,3,0,71.82954545454545,18,0,17,9.0,45.0,122.85714285714286,142.4
Barr Faughny,New Zealand,Raspberry Choco,2022-07-29,6468,66,2022,7,29,Friday,4,30,3,0,98.0,18,3,1,88.0,154.0,110.28571428571429,140.16666666666666
Dotty Strutley,Canada,Raspberry Choco,2022-08-03,4347,238,2022,8,3,Wednesday,2,31,3,0,18.264705882352942,18,1,8,66.0,208.0,114.57142857142857,147.06666666666666
Gigi Bohling,New Zealand,Raspberry Choco,2022-08-09,1127,176,2022,8,9,Tuesday,1,32,3,0,6.403409090909091,18,3,9,238.0,254.0,103.42857142857143,148.3
Gunar Cockshoot,UK,Raspberry Choco,2022-08-11,6811,344,2022,8,11,Thursday,3,32,3,0,19.799418604651162,18,4,10,176.0,126.0,134.57142857142858,157.13333333333333
Barr Faughny,UK,Raspberry Choco,2022-08-22,5481,69,2022,8,22,Monday,0,34,3,0,79.43478260869566,18,4,1,344.0,21.0,141.42857142857142,157.03333333333333
Camilla Castle,Australia,Raspberry Choco,2022-08-23,6342,178,2022,8,23,Tuesday,1,34,3,0,35.62921348314607,18,0,4,69.0,9.0,165.57142857142858,158.63333333333333
Karlen McCaffrey,Australia,Raspberry Choco,2022-08-23,994,57,2022,8,23,Tuesday,1,34,3,0,17.43859649122807,18,0,15,178.0,88.0,161.14285714285714,150.43333333333334
Gunar Cockshoot,New Zealand,Raspberry Choco,2022-08-24,630,52,2022,8,24,Wednesday,2,34,3,0,12.115384615384615,18,3,10,57.0,66.0,159.14285714285714,147.6
Madelene Upcott,UK,Raspberry Choco,2022-08-26,7357,341,2022,8,26,Friday,4,34,3,0,21.574780058651026,18,4,17,52.0,238.0,173.85714285714286,148.2
Marney O'Breen,Australia,Smooth Sliky Salty,2022-01-03,3745,170,2022,1,3,Monday,0,1,1,0,22.029411764705884,19,0,19,0.0,0.0,0.0,0.0
Wilone O'Kielt,Australia,Smooth Sliky Salty,2022-01-04,2226,46,2022,1,4,Tuesday,1,1,1,0,48.391304347826086,19,0,24,170.0,0.0,0.0,0.0
Gigi Bohling,New Zealand,Smooth Sliky Salty,2022-01-10,700,97,2022,1,10,Monday,0,2,1,0,7.216494845360825,19,3,9,46.0,0.0,0.0,0.0
Rafaelita Blaksland,UK,Smooth Sliky Salty,2022-01-13,4704,62,2022,1,13,Thursday,3,2,1,0,75.87096774193549,19,4,21,97.0,0.0,0.0,0.0
Brien Boise,New Zealand,Smooth Sliky Salty,2022-01-18,1015,27,2022,1,18,Tuesday,1,3,1,0,37.592592592592595,19,3,3,62.0,0.0,0.0,0.0
Wilone O'Kielt,USA,Smooth Sliky Salty,2022-01-18,504,87,2022,1,18,Tuesday,1,3,1,0,5.793103448275862,19,5,24,27.0,0.0,0.0,0.0
Kelci Walkden,UK,Smooth Sliky Salty,2022-01-19,5929,175,2022,1,19,Wednesday,2,3,1,0,33.88,19,4,16,87.0,0.0,94.85714285714286,0.0
Karlen McCaffrey,Canada,Smooth Sliky Salty,2022-01-19,3017,184,2022,1,19,Wednesday,2,3,1,0,16.39673913043478,19,1,15,175.0,170.0,96.85714285714286,0.0
Beverie Moffet,Australia,Smooth Sliky Salty,2022-01-25,10507,467,2022,1,25,Tuesday,1,4,1,0,22.498929336188436,19,0,2,184.0,46.0,157.0,0.0
Barr Faughny,New Zealand,Smooth Sliky Salty,2022-01-25,3990,169,2022,1,25,Tuesday,1,4,1,0,23.609467455621303,19,3,1,467.0,97.0,167.28571428571428,0.0
Gigi Bohling,Australia,Smooth Sliky Salty,2022-01-25,5768,119,2022,1,25,Tuesday,1,4,1,0,48.470588235294116,19,0,9,169.0,62.0,175.42857142857142,0.0
Kelci Walkden,India,Smooth Sliky Salty,2022-02-01,2464,8,2022,2,1,Tuesday,1,5,1,0,308.0,19,2,16,119.0,27.0,172.71428571428572,0.0
Oby Sorrel,India,Smooth Sliky Salty,2022-02-07,10101,108,2022,2,7,Monday,0,6,1,0,93.52777777777777,19,2,20,8.0,87.0,175.71428571428572,0.0
Mallorie Waber,Australia,Smooth Sliky Salty,2022-02-11,4158,109,2022,2,11,Friday,4,6,1,0,38.14678899082569,19,0,18,108.0,175.0,166.28571428571428,0.0
Beverie Moffet,Canada,Smooth Sliky Salty,2022-02-28,14287,370,2022,2,28,Monday,0,9,1,0,38.61351351351351,19,1,2,109.0,184.0,192.85714285714286,0.0
Gunar Cockshoot,India,Smooth Sliky Salty,2022-03-02,3752,70,2022,3,2,Wednesday,2,9,1,0,53.6,19,2,10,370.0,467.0,136.14285714285714,0.0
Camilla Castle,Australia,Smooth Sliky Salty,2022-03-03,7406,118,2022,3,3,Thursday,3,9,1,0,62.76271186440678,19,0,4,70.0,169.0,128.85714285714286,0.0
Madelene Upcott,UK,Smooth Sliky Salty,2022-03-04,14539,84,2022,3,4,Friday,4,9,1,0,173.08333333333334,19,4,17,118.0,119.0,123.85714285714286,0.0
Oby Sorrel,USA,Smooth Sliky Salty,2022-03-04,3577,158,2022,3,4,Friday,4,9,1,0,22.639240506329113,19,5,20,84.0,8.0,145.28571428571428,0.0
Roddy Speechley,Canada,Smooth Sliky Salty,2022-03-07,9338,11,2022,3,7,Monday,0,10,1,0,848.9090909090909,19,1,22,158.0,108.0,131.42857142857142,0.0
Kelci Walkden,New Zealand,Smooth Sliky Salty,2022-03-11,10633,277,2022,3,11,Friday,4,10,1,0,38.38628158844765,19,3,16,11.0,109.0,155.42857142857142,0.0
Ches Bonnell,Canada,Smooth Sliky Salty,2022-03-16,9870,121,2022,3,16,Wednesday,2,11,1,0,81.5702479338843,19,1,5,277.0,370.0,119.85714285714286,0.0
Dennison Crosswaite,Canada,Smooth Sliky Salty,2022-03-17,1750,479,2022,3,17,Thursday,3,11,1,0,3.653444676409186,19,1,7,121.0,70.0,178.28571428571428,0.0
Kelci Walkden,Canada,Smooth Sliky Salty,2022-03-17,8099,118,2022,3,17,Thursday,3,11,1,0,68.63559322033899,19,1,16,479.0,118.0,178.28571428571428,0.0
Mallorie Waber,Canada,Smooth Sliky Salty,2022-03-21,1939,98,2022,3,21,Monday,0,12,1,0,19.785714285714285,19,1,18,118.0,84.0,180.28571428571428,0.0
Gunar Cockshoot,UK,Smooth Sliky Salty,2022-03-22,749,148,2022,3,22,Tuesday,1,12,1,0,5.0608108108108105,19,4,10,98.0,158.0,178.85714285714286,0.0
Beverie Moffet,USA,Smooth Sliky Salty,2022-03-24,2317,352,2022,3,24,Thursday,3,12,1,0,6.582386363636363,19,5,2,148.0,11.0,227.57142857142858,0.0
Roddy Speechley,USA,Smooth Sliky Salty,2022-04-05,3017,140,2022,4,5,Tuesday,1,14,2,0,21.55,19,5,22,352.0,277.0,208.0,0.0
Kaine Padly,New Zealand,Smooth Sliky Salty,2022-04-12,7,518,2022,4,12,Tuesday,1,15,2,0,0.013513513513513514,19,3,14,140.0,121.0,264.7142857142857,0.0
Curtice Advani,India,Smooth Sliky Salty,2022-04-19,19327,135,2022,4,19,Tuesday,1,16,2,0,143.16296296296295,19,2,6,518.0,479.0,215.57142857142858,167.5
Dennison Crosswaite,UK,Smooth Sliky Salty,2022-04-26,546,142,2022,4,26,Tuesday,1,17,2,0,3.8450704225352115,19,4,7,135.0,118.0,219.0,166.56666666666666
Beverie Moffet,UK,Smooth Sliky Salty,2022-05-04,4403,76,2022,5,4,Wednesday,2,18,2,0,57.93421052631579,19,4,2,142.0,98.0,215.85714285714286,167.56666666666666
Rafaelita Blaksland,India,Smooth Sliky Salty,2022-05-06,1638,81,2022,5,6,Friday,4,18,2,0,20.22222222222222,19,2,21,76.0,148.0,206.28571428571428,167.03333333333333
Dennison Crosswaite,USA,Smooth Sliky Salty,2022-05-12,11781,91,2022,5,12,Thursday,3,19,2,0,129.46153846153845,19,5,7,81.0,352.0,169.0,168.0
Marney O'Breen,UK,Smooth Sliky Salty,2022-05-13,18991,88,2022,5,13,Friday,4,19,2,0,215.8068181818182,19,4,19,91.0,140.0,161.57142857142858,170.03333333333333
Brien Boise,Canada,Smooth Sliky Salty,2022-05-13,5691,495,2022,5,13,Friday,4,19,2,0,11.496969696969696,19,1,3,88.0,518.0,158.28571428571428,183.63333333333333
Ches Bonnell,Australia,Smooth Sliky Salty,2022-05-16,7490,54,2022,5,16,Monday,0,20,2,0,138.7037037037037,19,0,5,495.0,135.0,146.71428571428572,179.6
Beverie Moffet,New Zealand,Smooth Sliky Salty,2022-05-19,2387,59,2022,5,19,Thursday,3,20,2,0,40.45762711864407,19,3,2,54.0,142.0,134.85714285714286,175.43333333333334
Brien Boise,India,Smooth Sliky Salty,2022-05-27,5964,26,2022,5,27,Friday,4,21,2,0,229.3846153846154,19,2,3,59.0,76.0,127.71428571428571,160.73333333333332
Rafaelita Blaksland,Australia,Smooth Sliky Salty,2022-05-30,3969,243,2022,5,30,Monday,0,22,2,0,16.333333333333332,19,0,21,26.0,81.0,150.85714285714286,163.2
Oby Sorrel,UK,Smooth Sliky Salty,2022-05-31,9625,313,2022,5,31,Tuesday,1,22,2,0,30.750798722044728,19,4,20,243.0,91.0,182.57142857142858,169.66666666666666
Wilone O'Kielt,Canada,Smooth Sliky Salty,2022-06-02,4991,166,2022,6,2,Thursday,3,22,2,0,30.066265060240966,19,1,24,313.0,88.0,193.71428571428572,174.93333333333334
Van Tuxwell,India,Smooth Sliky Salty,2022-06-06,5376,38,2022,6,6,Monday,0,23,2,0,141.47368421052633,19,2,23,166.0,495.0,128.42857142857142,172.6
Kaine Padly,UK,Smooth Sliky Salty,2022-06-08,9016,554,2022,6,8,Wednesday,2,23,2,0,16.27436823104693,19,4,14,38.0,54.0,199.85714285714286,187.43333333333334
Van Tuxwell,New Zealand,Smooth Sliky Salty,2022-06-14,3115,42,2022,6,14,Tuesday,1,24,2,0,74.16666666666667,19,3,23,554.0,59.0,197.42857142857142,176.5
Marney O'Breen,New Zealand,Smooth Sliky Salty,2022-06-14,8484,57,2022,6,14,Tuesday,1,24,2,0,148.8421052631579,19,3,19,42.0,26.0,201.85714285714286,176.06666666666666
Oby Sorrel,New Zealand,Smooth Sliky Salty,2022-07-07,8673,60,2022,7,7,Thursday,3,27,3,0,144.55,19,3,20,57.0,243.0,175.71428571428572,174.13333333333333
Jehu Rudeforth,USA,Smooth Sliky Salty,2022-07-07,6657,154,2022,7,7,Thursday,3,27,3,0,43.22727272727273,19,5,13,60.0,313.0,153.0,176.46666666666667
Dennison Crosswaite,India,Smooth Sliky Salty,2022-07-07,2975,9,2022,7,7,Thursday,3,27,3,0,330.55555555555554,19,2,7,154.0,166.0,130.57142857142858,171.5
Andria Kimpton,Canada,Smooth Sliky Salty,2022-07-08,1155,79,2022,7,8,Friday,4,27,3,0,14.620253164556962,19,1,0,9.0,38.0,136.42857142857142,173.76666666666668
Ches Bonnell,UK,Smooth Sliky Salty,2022-07-11,5663,110,2022,7,11,Monday,0,28,3,0,51.481818181818184,19,4,5,79.0,554.0,73.0,168.2
Jehu Rudeforth,Canada,Smooth Sliky Salty,2022-07-11,5460,138,2022,7,11,Monday,0,28,3,0,39.56521739130435,19,1,13,110.0,42.0,86.71428571428571,168.76666666666668
Gigi Bohling,USA,Smooth Sliky Salty,2022-07-22,2583,126,2022,7,22,Friday,4,29,3,0,20.5,19,5,9,138.0,57.0,96.57142857142857,157.0
Rafaelita Blaksland,USA,Smooth Sliky Salty,2022-07-27,15057,212,2022,7,27,Wednesday,2,30,3,0,71.02358490566037,19,5,21,126.0,60.0,118.28571428571429,160.13333333333333
Curtice Advani,Canada,Smooth Sliky Salty,2022-08-01,2660,12,2022,8,1,Monday,0,31,3,0,221.66666666666666,19,1,6,212.0,154.0,98.0,157.26666666666668
Ches Bonnell,India,Smooth Sliky Salty,2022-08-03,8043,18,2022,8,3,Wednesday,2,31,3,0,446.8333333333333,19,2,5,12.0,9.0,99.28571428571429,152.93333333333334
Jan Morforth,India,Smooth Sliky Salty,2022-08-03,11298,89,2022,8,3,Wednesday,2,31,3,0,126.9438202247191,19,2,12,18.0,79.0,100.71428571428571,144.16666666666666
Roddy Speechley,India,Smooth Sliky Salty,2022-08-10,5103,140,2022,8,10,Wednesday,2,32,3,0,36.45,19,2,22,89.0,110.0,105.0,144.16666666666666
Jehu Rudeforth,UK,Smooth Sliky Salty,2022-08-24,1463,113,2022,8,24,Wednesday,2,34,3,0,12.946902654867257,19,4,13,140.0,138.0,101.42857142857143,130.66666666666666
Marney O'Breen,Canada,Spicy Special Slims,2022-01-03,3528,336,2022,1,3,Monday,0,1,1,0,10.5,20,1,19,0.0,0.0,0.0,0.0
Rafaelita Blaksland,India,Spicy Special Slims,2022-01-04,8064,134,2022,1,4,Tuesday,1,1,1,0,60.17910447761194,20,2,21,336.0,0.0,0.0,0.0
Curtice Advani,New Zealand,Spicy Special Slims,2022-01-10,4074,469,2022,1,10,Monday,0,2,1,0,8.686567164179104,20,3,6,134.0,0.0,0.0,0.0
Jehu Rudeforth,Canada,Spicy Special Slims,2022-01-13,1848,27,2022,1,13,Thursday,3,2,1,0,68.44444444444444,20,1,13,469.0,0.0,0.0,0.0
Jehu Rudeforth,Australia,Spicy Special Slims,2022-01-13,5012,384,2022,1,13,Thursday,3,2,1,0,13.052083333333334,20,0,13,27.0,0.0,0.0,0.0
Dotty Strutley,Australia,Spicy Special Slims,2022-01-17,8225,91,2022,1,17,Monday,0,3,1,0,90.38461538461539,20,0,8,384.0,0.0,0.0,0.0
Gigi Bohling,USA,Spicy Special Slims,2022-01-21,10829,54,2022,1,21,Friday,4,3,1,0,200.53703703703704,20,5,9,91.0,0.0,213.57142857142858,0.0
Camilla Castle,New Zealand,Spicy Special Slims,2022-01-25,11564,24,2022,1,25,Tuesday,1,4,1,0,481.8333333333333,20,3,4,54.0,336.0,169.0,0.0
Brien Boise,India,Spicy Special Slims,2022-01-28,1302,33,2022,1,28,Friday,4,4,1,0,39.45454545454545,20,2,3,24.0,134.0,154.57142857142858,0.0
Oby Sorrel,USA,Spicy Special Slims,2022-02-07,5691,417,2022,2,7,Monday,0,6,1,0,13.647482014388489,20,5,20,33.0,469.0,147.14285714285714,0.0
Roddy Speechley,Canada,Spicy Special Slims,2022-02-09,1652,186,2022,2,9,Wednesday,2,6,1,0,8.881720430107526,20,1,22,417.0,27.0,169.85714285714286,0.0
Camilla Castle,USA,Spicy Special Slims,2022-02-11,1274,244,2022,2,11,Friday,4,6,1,0,5.221311475409836,20,5,4,186.0,384.0,149.85714285714286,0.0
Ches Bonnell,New Zealand,Spicy Special Slims,2022-02-14,3556,18,2022,2,14,Monday,0,7,1,0,197.55555555555554,20,3,5,244.0,91.0,139.42857142857142,0.0
Gunar Cockshoot,UK,Spicy Special Slims,2022-02-16,12488,200,2022,2,16,Wednesday,2,7,1,0,62.44,20,4,10,18.0,54.0,160.28571428571428,0.0
Gunar Cockshoot,USA,Spicy Special Slims,2022-02-17,1267,157,2022,2,17,Thursday,3,7,1,0,8.070063694267516,20,5,10,200.0,24.0,179.28571428571428,0.0
Beverie Moffet,UK,Spicy Special Slims,2022-02-17,8680,252,2022,2,17,Thursday,3,7,1,0,34.44444444444444,20,4,2,157.0,33.0,210.57142857142858,0.0
Andria Kimpton,India,Spicy Special Slims,2022-02-23,6307,142,2022,2,23,Wednesday,2,8,1,0,44.41549295774648,20,2,0,252.0,417.0,171.28571428571428,0.0
Brien Boise,Canada,Spicy Special Slims,2022-03-04,8106,101,2022,3,4,Friday,4,9,1,0,80.25742574257426,20,1,3,142.0,186.0,159.14285714285714,0.0
Madelene Upcott,Australia,Spicy Special Slims,2022-03-07,7182,408,2022,3,7,Monday,0,10,1,0,17.602941176470587,20,0,17,101.0,244.0,182.57142857142858,0.0
Roddy Speechley,India,Spicy Special Slims,2022-03-22,10647,173,2022,3,22,Tuesday,1,12,1,0,61.543352601156066,20,2,22,408.0,18.0,204.71428571428572,0.0
Gunar Cockshoot,Canada,Spicy Special Slims,2022-04-05,13405,12,2022,4,5,Tuesday,1,14,2,0,1117.0833333333333,20,1,10,173.0,200.0,177.85714285714286,0.0
Van Tuxwell,India,Spicy Special Slims,2022-04-11,6167,4,2022,4,11,Monday,0,15,2,0,1541.75,20,2,23,12.0,157.0,156.0,0.0
Jan Morforth,India,Spicy Special Slims,2022-04-12,1939,520,2022,4,12,Tuesday,1,15,2,0,3.728846153846154,20,2,12,4.0,252.0,194.28571428571428,0.0
Beverie Moffet,India,Spicy Special Slims,2022-04-21,3339,171,2022,4,21,Thursday,3,16,2,0,19.526315789473685,20,2,2,520.0,142.0,198.42857142857142,0.0
Oby Sorrel,Australia,Spicy Special Slims,2022-04-26,11389,26,2022,4,26,Tuesday,1,17,2,0,438.03846153846155,20,0,20,171.0,101.0,187.71428571428572,0.0
Kelci Walkden,USA,Spicy Special Slims,2022-04-29,77,69,2022,4,29,Friday,4,17,2,0,1.1159420289855073,20,5,16,26.0,408.0,139.28571428571428,0.0
Rafaelita Blaksland,Canada,Spicy Special Slims,2022-05-02,2520,156,2022,5,2,Monday,0,18,2,0,16.153846153846153,20,1,21,69.0,173.0,136.85714285714286,0.0
Brien Boise,Australia,Spicy Special Slims,2022-05-09,6223,256,2022,5,9,Monday,0,19,2,0,24.30859375,20,0,3,156.0,12.0,171.71428571428572,0.0
Gunar Cockshoot,India,Spicy Special Slims,2022-05-13,6510,170,2022,5,13,Friday,4,19,2,0,38.294117647058826,20,2,10,256.0,4.0,195.42857142857142,0.0
Karlen McCaffrey,Australia,Spicy Special Slims,2022-05-17,4410,323,2022,5,17,Tuesday,1,20,2,0,13.653250773993808,20,0,15,170.0,520.0,167.28571428571428,185.23333333333332
Andria Kimpton,USA,Spicy Special Slims,2022-05-23,2366,5,2022,5,23,Monday,0,21,2,0,473.2,20,5,0,323.0,171.0,143.57142857142858,174.2
Brien Boise,UK,Spicy Special Slims,2022-05-25,2352,58,2022,5,25,Wednesday,2,21,2,0,40.55172413793103,20,4,3,5.0,26.0,148.14285714285714,171.66666666666666
Oby Sorrel,New Zealand,Spicy Special Slims,2022-06-03,1617,13,2022,6,3,Friday,4,22,2,0,124.38461538461539,20,3,20,58.0,69.0,140.14285714285714,156.46666666666667
Beverie Moffet,New Zealand,Spicy Special Slims,2022-06-07,63,60,2022,6,7,Tuesday,1,23,2,0,1.05,20,3,2,13.0,156.0,126.42857142857143,157.56666666666666
Oby Sorrel,India,Spicy Special Slims,2022-06-08,11137,88,2022,6,8,Wednesday,2,23,2,0,126.55681818181819,20,2,20,60.0,256.0,102.42857142857143,147.7
Kaine Padly,USA,Spicy Special Slims,2022-06-13,2107,175,2022,6,13,Monday,0,24,2,0,12.04,20,5,14,88.0,170.0,103.14285714285714,150.5
Curtice Advani,Canada,Spicy Special Slims,2022-06-16,854,118,2022,6,16,Thursday,3,24,2,0,7.237288135593221,20,1,6,175.0,323.0,73.85714285714286,152.63333333333333
Curtice Advani,India,Spicy Special Slims,2022-06-20,161,134,2022,6,20,Monday,0,25,2,0,1.2014925373134329,20,2,6,118.0,5.0,92.28571428571429,156.3
Marney O'Breen,Australia,Spicy Special Slims,2022-06-23,13125,275,2022,6,23,Thursday,3,25,2,0,47.72727272727273,20,0,19,134.0,58.0,123.28571428571429,164.36666666666667
Gunar Cockshoot,New Zealand,Spicy Special Slims,2022-06-28,6867,183,2022,6,28,Tuesday,1,26,2,0,37.52459016393443,20,3,10,275.0,13.0,147.57142857142858,156.56666666666666
Mallorie Waber,Australia,Spicy Special Slims,2022-06-29,5439,287,2022,6,29,Wednesday,2,26,2,0,18.951219512195124,20,0,18,183.0,60.0,180.0,159.93333333333334
Kaine Padly,New Zealand,Spicy Special Slims,2022-07-01,7728,37,2022,7,1,Friday,4,26,3,0,208.86486486486487,20,3,14,287.0,88.0,172.71428571428572,153.03333333333333
Gigi Bohling,Canada,Spicy Special Slims,2022-07-04,11956,277,2022,7,4,Monday,0,27,3,0,43.16245487364621,20,1,9,37.0,175.0,187.28571428571428,161.66666666666666
Ches Bonnell,India,Spicy Special Slims,2022-07-06,10906,94,2022,7,6,Wednesday,2,27,3,0,116.02127659574468,20,2,5,277.0,118.0,183.85714285714286,158.13333333333333
Curtice Advani,USA,Spicy Special Slims,2022-07-11,1603,264,2022,7,11,Monday,0,28,3,0,6.071969696969697,20,5,6,94.0,134.0,202.42857142857142,161.7
Karlen McCaffrey,Canada,Spicy Special Slims,2022-08-02,6328,47,2022,8,2,Tuesday,1,31,3,0,134.63829787234042,20,1,15,264.0,275.0,169.85714285714286,154.86666666666667
Rafaelita Blaksland,UK,Spicy Special Slims,2022-08-03,9345,133,2022,8,3,Wednesday,2,31,3,0,70.26315789473684,20,4,21,47.0,183.0,162.71428571428572,154.56666666666666
Ches Bonnell,Canada,Spicy Special Slims,2022-08-05,5327,183,2022,8,5,Friday,4,31,3,0,29.10928961748634,20,1,5,133.0,287.0,147.85714285714286,157.3
Dennison Crosswaite,Canada,Spicy Special Slims,2022-08-10,2527,216,2022,8,10,Wednesday,2,32,3,0,11.699074074074074,20,1,7,183.0,37.0,173.42857142857142,150.9
Kelci Walkden,New Zealand,Spicy Special Slims,2022-08-11,658,65,2022,8,11,Thursday,3,32,3,0,10.123076923076923,20,3,16,216.0,277.0,143.14285714285714,147.3
Dotty Strutley,India,Spicy Special Slims,2022-08-12,910,204,2022,8,12,Friday,4,32,3,0,4.46078431372549,20,2,8,65.0,94.0,158.85714285714286,153.7
Husein Augar,India,Spicy Special Slims,2022-08-22,2492,33,2022,8,22,Monday,0,34,3,0,75.51515151515152,20,2,11,204.0,264.0,125.85714285714286,154.66666666666666
Husein Augar,UK,Spicy Special Slims,2022-08-25,4697,42,2022,8,25,Thursday,3,34,3,0,111.83333333333333,20,4,11,33.0,47.0,125.14285714285714,138.73333333333332
Kaine Padly,India,Spicy Special Slims,2022-08-31,5614,137,2022,8,31,Wednesday,2,35,3,0,40.97810218978102,20,2,14,42.0,133.0,125.71428571428571,137.6
Camilla Castle,UK,White Choc,2022-01-03,9982,187,2022,1,3,Monday,0,1,1,0,53.37967914438503,21,4,4,0.0,0.0,0.0,0.0
Ches Bonnell,UK,White Choc,2022-01-03,3269,226,2022,1,3,Monday,0,1,1,0,14.464601769911505,21,4,5,187.0,0.0,0.0,0.0
Karlen McCaffrey,Australia,White Choc,2022-01-05,7357,48,2022,1,5,Wednesday,2,1,1,0,153.27083333333334,21,0,15,226.0,0.0,0.0,0.0
Husein Augar,UK,White Choc,2022-01-13,10815,145,2022,1,13,Thursday,3,2,1,0,74.58620689655173,21,4,11,48.0,0.0,0.0,0.0
Karlen McCaffrey,India,White Choc,2022-01-17,7483,232,2022,1,17,Monday,0,3,1,0,32.25431034482759,21,2,15,145.0,0.0,0.0,0.0
Jehu Rudeforth,Canada,White Choc,2022-01-25,4627,136,2022,1,25,Tuesday,1,4,1,0,34.02205882352941,21,1,13,232.0,0.0,0.0,0.0
Curtice Advani,UK,White Choc,2022-02-01,1540,73,2022,2,1,Tuesday,1,5,1,0,21.095890410958905,21,4,6,136.0,0.0,149.57142857142858,0.0
Ches Bonnell,USA,White Choc,2022-02-11,5271,341,2022,2,11,Friday,4,6,1,0,15.457478005865102,21,5,5,73.0,187.0,171.57142857142858,0.0
Andria Kimpton,Canada,White Choc,2022-02-14,4067,29,2022,2,14,Monday,0,7,1,0,140.24137931034483,21,1,0,341.0,226.0,143.42857142857142,0.0
Mallorie Waber,New Zealand,White Choc,2022-02-25,3171,246,2022,2,25,Friday,4,8,1,0,12.890243902439025,21,3,18,29.0,48.0,171.71428571428572,0.0
Ches Bonnell,Australia,White Choc,2022-03-02,1043,202,2022,3,2,Wednesday,2,9,1,0,5.163366336633663,21,0,5,246.0,145.0,179.85714285714286,0.0
Mallorie Waber,Canada,White Choc,2022-03-03,3381,72,2022,3,3,Thursday,3,9,1,0,46.958333333333336,21,1,18,202.0,232.0,157.0,0.0
Kelci Walkden,USA,White Choc,2022-03-07,9422,22,2022,3,7,Monday,0,10,1,0,428.27272727272725,21,5,16,72.0,136.0,140.71428571428572,0.0
Jehu Rudeforth,New Zealand,White Choc,2022-03-11,2800,241,2022,3,11,Friday,4,10,1,0,11.618257261410788,21,3,13,22.0,73.0,164.71428571428572,0.0
Beverie Moffet,USA,White Choc,2022-03-11,5292,134,2022,3,11,Friday,4,10,1,0,39.492537313432834,21,5,2,241.0,341.0,135.14285714285714,0.0
Van Tuxwell,India,White Choc,2022-03-15,1897,44,2022,3,15,Tuesday,1,11,1,0,43.11363636363637,21,2,23,134.0,29.0,137.28571428571428,0.0
Rafaelita Blaksland,Australia,White Choc,2022-03-21,6818,102,2022,3,21,Monday,0,12,1,0,66.84313725490196,21,0,21,44.0,246.0,116.71428571428571,0.0
Van Tuxwell,Canada,White Choc,2022-03-22,420,3,2022,3,22,Tuesday,1,12,1,0,140.0,21,1,23,102.0,202.0,88.28571428571429,0.0
Beverie Moffet,New Zealand,White Choc,2022-03-24,7126,7,2022,3,24,Thursday,3,12,1,0,1018.0,21,3,2,3.0,72.0,79.0,0.0
Barr Faughny,Canada,White Choc,2022-03-29,4291,1,2022,3,29,Tuesday,1,13,1,0,4291.0,21,1,1,7.0,22.0,76.0,0.0
Roddy Speechley,Canada,White Choc,2022-04-05,5887,268,2022,4,5,Tuesday,1,14,2,0,21.96641791044776,21,1,22,1.0,241.0,79.85714285714286,0.0
Brien Boise,UK,White Choc,2022-04-12,5299,167,2022,4,12,Tuesday,1,15,2,0,31.730538922155688,21,4,3,268.0,134.0,84.57142857142857,0.0
Gigi Bohling,India,White Choc,2022-04-13,1393,172,2022,4,13,Wednesday,2,15,2,0,8.098837209302326,21,2,9,167.0,44.0,102.85714285714286,0.0
Kelci Walkden,New Zealand,White Choc,2022-04-13,7609,150,2022,4,13,Wednesday,2,15,2,0,50.72666666666667,21,3,16,172.0,102.0,109.71428571428571,0.0
Madelene Upcott,USA,White Choc,2022-05-04,12250,213,2022,5,4,Wednesday,2,18,2,0,57.51173708920188,21,5,17,150.0,3.0,139.71428571428572,0.0
Barr Faughny,USA,White Choc,2022-05-05,7420,163,2022,5,5,Thursday,3,18,2,0,45.52147239263804,21,5,1,213.0,7.0,162.0,0.0
Gigi Bohling,Australia,White Choc,2022-05-11,5523,87,2022,5,11,Wednesday,2,19,2,0,63.48275862068966,21,0,9,163.0,1.0,174.28571428571428,0.0
Husein Augar,Australia,White Choc,2022-05-11,3171,220,2022,5,11,Wednesday,2,19,2,0,14.413636363636364,21,0,11,87.0,268.0,167.42857142857142,0.0
Andria Kimpton,UK,White Choc,2022-05-12,9037,101,2022,5,12,Thursday,3,19,2,0,89.47524752475248,21,4,0,220.0,167.0,158.0,0.0
Jehu Rudeforth,USA,White Choc,2022-06-07,6559,119,2022,6,7,Tuesday,1,23,2,0,55.11764705882353,21,5,13,101.0,172.0,150.42857142857142,138.36666666666667
Oby Sorrel,New Zealand,White Choc,2022-06-10,4361,40,2022,6,10,Friday,4,23,2,0,109.025,21,3,20,119.0,150.0,134.71428571428572,133.46666666666667
Dotty Strutley,New Zealand,White Choc,2022-06-15,7014,60,2022,6,15,Wednesday,2,24,2,0,116.9,21,3,8,40.0,213.0,112.85714285714286,127.93333333333334
Brien Boise,New Zealand,White Choc,2022-06-15,5509,321,2022,6,15,Wednesday,2,24,2,0,17.161993769470406,21,3,3,60.0,163.0,135.42857142857142,137.03333333333333
Jan Morforth,UK,White Choc,2022-06-22,8799,47,2022,6,22,Wednesday,2,25,2,0,187.2127659574468,21,4,12,321.0,87.0,129.71428571428572,133.76666666666668
Beverie Moffet,Australia,White Choc,2022-06-27,2240,166,2022,6,27,Monday,0,26,2,0,13.493975903614459,21,0,2,47.0,220.0,122.0,131.56666666666666
Oby Sorrel,UK,White Choc,2022-06-27,1715,286,2022,6,27,Monday,0,26,2,0,5.996503496503497,21,4,20,166.0,101.0,148.42857142857142,136.56666666666666
Jehu Rudeforth,UK,White Choc,2022-06-29,1862,284,2022,6,29,Wednesday,2,26,2,0,6.556338028169014,21,4,13,286.0,119.0,172.0,143.6
Beverie Moffet,UK,White Choc,2022-06-30,6475,76,2022,6,30,Thursday,3,26,2,0,85.19736842105263,21,4,2,284.0,40.0,177.14285714285714,134.76666666666668
Barr Faughny,Australia,White Choc,2022-07-04,8113,370,2022,7,4,Monday,0,27,3,0,21.927027027027027,21,0,1,76.0,60.0,221.42857142857142,146.13333333333333
Curtice Advani,India,White Choc,2022-07-04,7154,342,2022,7,4,Monday,0,27,3,0,20.91812865497076,21,2,6,370.0,321.0,224.42857142857142,149.33333333333334
Beverie Moffet,India,White Choc,2022-07-04,1813,296,2022,7,4,Monday,0,27,3,0,6.125,21,2,2,342.0,47.0,260.0,152.46666666666667
Dennison Crosswaite,New Zealand,White Choc,2022-07-05,9492,151,2022,7,5,Tuesday,1,27,3,0,62.86092715231788,21,3,7,296.0,166.0,257.85714285714283,155.1
Barr Faughny,UK,White Choc,2022-07-05,1652,72,2022,7,5,Tuesday,1,27,3,0,22.944444444444443,21,4,1,151.0,286.0,227.28571428571428,156.76666666666668
Dotty Strutley,Australia,White Choc,2022-07-05,6055,93,2022,7,5,Tuesday,1,27,3,0,65.10752688172043,21,0,8,72.0,284.0,200.0,151.83333333333334
Gigi Bohling,Canada,White Choc,2022-07-11,6587,4,2022,7,11,Monday,0,28,3,0,1646.75,21,1,9,93.0,76.0,189.71428571428572,147.5
Husein Augar,USA,White Choc,2022-07-13,2030,60,2022,7,13,Wednesday,2,28,3,0,33.833333333333336,21,5,11,4.0,370.0,145.42857142857142,148.03333333333333
Beverie Moffet,Canada,White Choc,2022-07-15,9275,173,2022,7,15,Friday,4,28,3,0,53.61271676300578,21,1,2,60.0,342.0,121.28571428571429,150.4
Mallorie Waber,India,White Choc,2022-07-26,819,213,2022,7,26,Tuesday,1,30,3,0,3.8450704225352115,21,2,18,173.0,296.0,109.42857142857143,157.4
Jan Morforth,Australia,White Choc,2022-07-27,3472,32,2022,7,27,Wednesday,2,30,3,0,108.5,21,0,12,213.0,151.0,92.42857142857143,158.23333333333332
Dennison Crosswaite,UK,White Choc,2022-08-03,7238,265,2022,8,3,Wednesday,2,31,3,0,27.31320754716981,21,4,7,32.0,72.0,120.0,167.03333333333333
Gunar Cockshoot,Canada,White Choc,2022-08-11,7560,15,2022,8,11,Thursday,3,32,3,0,504.0,21,1,10,265.0,93.0,108.85714285714286,158.6
Dotty Strutley,India,White Choc,2022-08-15,12327,330,2022,8,15,Monday,0,33,3,0,37.35454545454545,21,2,8,15.0,4.0,155.42857142857142,164.03333333333333
Rafaelita Blaksland,USA,White Choc,2022-08-16,4704,126,2022,8,16,Tuesday,1,33,3,0,37.333333333333336,21,5,21,330.0,60.0,164.85714285714286,162.5
Camilla Castle,USA,White Choc,2022-08-18,9681,24,2022,8,18,Thursday,3,33,3,0,403.375,21,5,4,126.0,173.0,143.57142857142858,158.3
Madelene Upcott,New Zealand,White Choc,2022-08-22,10794,51,2022,8,22,Monday,0,34,3,0,211.64705882352942,21,3,17,24.0,213.0,120.42857142857143,152.9
Kelci Walkden,Australia,White Choc,2022-08-24,8715,168,2022,8,24,Wednesday,2,34,3,0,51.875,21,0,16,51.0,32.0,139.85714285714286,153.06666666666666
Karlen McCaffrey,USA,White Choc,2022-08-24,4592,2,2022,8,24,Wednesday,2,34,3,0,2296.0,21,5,15,168.0,265.0,102.28571428571429,150.23333333333332
Brien Boise,Australia,White Choc,2022-08-25,4879,22,2022,8,25,Thursday,3,34,3,0,221.77272727272728,21,0,3,2.0,15.0,103.28571428571429,143.63333333333333
